year,estimate,ci_lower,ci_upper,series
2001,0.7620614043916806,0.5913371821841169,0.9148485826232823,US: Liberal Integration
2001.1206030150754,0.7176405404061269,0.5619891900753771,0.8404973004072728,US: Liberal Integration
2001.2412060301508,0.6774910574959336,0.5356361709620687,0.7777711224564232,US: Liberal Integration
2001.3618090452262,0.6414472680501347,0.5126133129416695,0.73848310972837,US: Liberal Integration
2001.4824120603016,0.6093434844577635,0.49277478501326544,0.7016326725575565,US: Liberal Integration
2001.6030150753768,0.5810140191079038,0.4759747561759714,0.6658408872730781,US: Liberal Integration
2001.7236180904522,0.5562931843894819,0.4620673954288104,0.6421177739773514,US: Liberal Integration
2001.8442211055276,0.535015292691589,0.45241971202616316,0.6214758729702492,US: Liberal Integration
2001.964824120603,0.517014656403258,0.44354479754088905,0.604839612596616,US: Liberal Integration
2002.0854271356784,0.5021255879135229,0.422590090504656,0.5945080361961116,US: Liberal Integration
2002.2060301507538,0.49018239961141696,0.3982111084927574,0.5864544632171622,US: Liberal Integration
2002.3266331658292,0.48101940388597375,0.3784929462461752,0.5805389604166227,US: Liberal Integration
2002.4472361809046,0.47447091312622697,0.36318441193759865,0.5766215945513482,US: Liberal Integration
2002.5678391959798,0.4703712397212155,0.35203431373973465,0.5745624323781965,US: Liberal Integration
2002.6884422110552,0.46855469605995753,0.3447914598252312,0.574221540654015,US: Liberal Integration
2002.8090452261306,0.46885559453149706,0.34120465836680264,0.5754589861356645,US: Liberal Integration
2002.929648241206,0.471108247524867,0.34102271753713853,0.57813483558,US: Liberal Integration
2003.0502512562814,0.47514696742910123,0.34399444550892827,0.5821091557438769,US: Liberal Integration
2003.1708542713568,0.4808060666332332,0.3498686504548616,0.5872420133841506,US: Liberal Integration
2003.2914572864322,0.48791985752629663,0.35839414054762786,0.5933934752576759,US: Liberal Integration
2003.4120603015076,0.4963226524973248,0.36931972395991675,0.600423608121308,US: Liberal Integration
2003.532663316583,0.5058487639353513,0.38239420886441755,0.6081924787319023,US: Liberal Integration
2003.6532663316582,0.5163325042293894,0.39371293450785594,0.6165601538462977,US: Liberal Integration
2003.7738693467336,0.5276081857685118,0.40335565638800724,0.6256658894584186,US: Liberal Integration
2003.894472361809,0.5395101209417335,0.4143173162481772,0.6389079119966776,US: Liberal Integration
2004.0150753768844,0.5518726221380882,0.426404739083186,0.6524261438649007,US: Liberal Integration
2004.1356783919598,0.5645300017466091,0.4394247498878541,0.6660362405993059,US: Liberal Integration
2004.2562814070352,0.5773165721563298,0.45318417365700236,0.6795538577361109,US: Liberal Integration
2004.3768844221106,0.5900666457562839,0.46748983538545086,0.692794650811534,US: Liberal Integration
2004.497487437186,0.6026145349355049,0.48214856006802004,0.7055742753617927,US: Liberal Integration
2004.6180904522614,0.6147945520830262,0.4969671726995307,0.7177083869231053,US: Liberal Integration
2004.7386934673366,0.6264410095878602,0.5117524982747754,0.7290126410316691,US: Liberal Integration
2004.859296482412,0.6373882198390846,0.5263113617886307,0.7393026932237448,US: Liberal Integration
2004.9798994974874,0.6474704952257102,0.5407414350372088,0.7483941990355283,US: Liberal Integration
2005.1005025125628,0.6565221481367707,0.5554840290786588,0.7561028140032375,US: Liberal Integration
2005.2211055276382,0.6643774909612994,0.5693961840832027,0.7622441936630902,US: Liberal Integration
2005.3417085427136,0.67087083608833,0.5809112601009055,0.7666339935513046,US: Liberal Integration
2005.462311557789,0.6758364959068962,0.5887700924205773,0.7690878692040983,US: Liberal Integration
2005.5829145728644,0.6791087828060313,0.5954136359394092,0.7694214761576894,US: Liberal Integration
2005.7035175879396,0.6805220091747681,0.6006810780901228,0.7679958410622376,US: Liberal Integration
2005.824120603015,0.6799104874021457,0.6044116063054679,0.7666689535175536,US: Liberal Integration
2005.9447236180904,0.6771085298771932,0.606444408018163,0.7609352746464398,US: Liberal Integration
2006.0653266331658,0.6719608296729112,0.6066268832434094,0.7536227226926493,US: Liberal Integration
2006.1859296482412,0.6645098892998453,0.6049629271102686,0.7462587190382863,US: Liberal Integration
2006.3065326633166,0.6549756373330169,0.5990435798183094,0.735559720351372,US: Liberal Integration
2006.427135678392,0.6435842912370056,0.5902402678536237,0.7216183608430726,US: Liberal Integration
2006.5477386934674,0.6305620684763906,0.5800743094892056,0.704534491625781,US: Liberal Integration
2006.6683417085428,0.6161351865157523,0.5679259470046126,0.6851528155536013,US: Liberal Integration
2006.788944723618,0.6005298628197003,0.5525289816622142,0.6638345560692281,US: Liberal Integration
2006.9095477386934,0.5839723148527552,0.5365653942079953,0.6409409366152332,US: Liberal Integration
2007.0301507537688,0.5666887600795254,0.5200953909953466,0.617802330264097,US: Liberal Integration
2007.1507537688442,0.5489054159645902,0.5020220769944193,0.6024132381116014,US: Liberal Integration
2007.2713567839196,0.5308484999725293,0.47910776992994886,0.5854843521548888,US: Liberal Integration
2007.391959798995,0.5127442295679226,0.4579216675847775,0.5666966551091763,US: Liberal Integration
2007.5125628140704,0.4948188222153496,0.4373244806035036,0.547823514583943,US: Liberal Integration
2007.6331658291458,0.47729849537939034,0.4175948181663623,0.536387389252214,US: Liberal Integration
2007.7537688442212,0.4604094665246241,0.3990112894535881,0.5250736859955474,US: Liberal Integration
2007.8743718592964,0.4443779531156599,0.38185250364544665,0.5138751033615787,US: Liberal Integration
2007.9949748743718,0.4294301726170172,0.36639706992210774,0.502928449916375,US: Liberal Integration
2008.1155778894472,0.4157514934155692,0.3518551410832392,0.49234946907348187,US: Liberal Integration
2008.2361809045226,0.40334210835097667,0.3375740228991523,0.4821584124661308,US: Liberal Integration
2008.356783919598,0.3921497648414045,0.3250225698735495,0.4723484865439808,US: Liberal Integration
2008.4773869346734,0.3821222069476519,0.31411955446967776,0.46291289602535546,US: Liberal Integration
2008.5979899497488,0.3732071787305174,0.304783749150784,0.45384484562857874,US: Liberal Integration
2008.7185929648242,0.3653524242508,0.29693392638011545,0.44513754007197437,US: Liberal Integration
2008.8391959798994,0.35850568756931017,0.29048885862092977,0.4367841840738815,US: Liberal Integration
2008.9597989949748,0.3526147127468216,0.28536731833644974,0.42877798235259246,US: Liberal Integration
2009.0804020100502,0.34762724384414656,0.281488077989936,0.42111213962644706,US: Liberal Integration
2009.2010050251256,0.3434910249220839,0.2803092460052354,0.41377986061376937,US: Liberal Integration
2009.321608040201,0.3401538000414325,0.28031589770939197,0.40677435003288265,US: Liberal Integration
2009.4422110552764,0.3375633132629913,0.2799137237648532,0.40008881260211127,US: Liberal Integration
2009.5628140703518,0.33566730864755906,0.27824961910383883,0.3937164530397787,US: Liberal Integration
2009.6834170854272,0.33441353025593445,0.27747152032319355,0.38946671930009963,US: Liberal Integration
2009.8040201005026,0.33374972214891635,0.27750254754570824,0.3873119321502645,US: Liberal Integration
2009.9246231155778,0.3336236283873037,0.2782658208941715,0.386322794402045,US: Liberal Integration
2010.0452261306532,0.33398299303189455,0.2796844604913774,0.3879942716162177,US: Liberal Integration
2010.1658291457286,0.3347755601434886,0.2816815864601156,0.3925098314756486,US: Liberal Integration
2010.286432160804,0.33594907378288463,0.2826921554172663,0.397169680891283,US: Liberal Integration
2010.4070351758794,0.33745127801088143,0.28055278350558654,0.4018799078158224,US: Liberal Integration
2010.5276381909548,0.3392299168882781,0.27891155780100746,0.40654660020196887,US: Liberal Integration
2010.6482412060302,0.34123273447587316,0.27775167191347966,0.41107584600242375,US: Liberal Integration
2010.7688442211056,0.34340747483446554,0.27705631945295367,0.415373733169889,US: Liberal Integration
2010.889447236181,0.34570188202485413,0.2768826058298048,0.4193463496570663,US: Liberal Integration
2011.0100502512562,0.3480637042137277,0.2785050737989747,0.42289979447197207,US: Liberal Integration
2011.1306532663316,0.35044969379472535,0.2805278922177383,0.42596441094181525,US: Liberal Integration
2011.251256281407,0.3528446997984651,0.28292321907660917,0.42854619395607185,US: Liberal Integration
2011.3718592964824,0.3552390362013297,0.28566271401465576,0.43066585303660887,US: Liberal Integration
2011.4924623115578,0.3576230169797022,0.2887180366709461,0.4323440977052936,US: Liberal Integration
2011.6130653266332,0.35998695610996523,0.29129153579002226,0.4336016374839935,US: Liberal Integration
2011.7336683417086,0.36232116756850197,0.2896132472991942,0.4344591818945756,US: Liberal Integration
2011.854271356784,0.3646159653316951,0.2882089323569208,0.43493744045890737,US: Liberal Integration
2011.9748743718592,0.36686166337592346,0.2870734005930153,0.43520282615972516,US: Liberal Integration
2012.0954773869346,0.3690485756775782,0.28620146163728516,0.43698965782201493,US: Liberal Integration
2012.21608040201,0.3711670162130381,0.28558792511954434,0.4387331095217401,US: Liberal Integration
2012.3366834170854,0.37320729895868565,0.2852276006696043,0.44201804102381115,US: Liberal Integration
2012.4572864321608,0.3751597378909043,0.28511529791727674,0.4470312318578049,US: Liberal Integration
2012.5778894472362,0.3770146469860764,0.2852458264923732,0.45241188575192964,US: Liberal Integration
2012.6984924623116,0.37876234022058514,0.2856139960247053,0.45751121327964006,US: Liberal Integration
2012.819095477387,0.3803931315708132,0.2862146161440844,0.4622970480210373,US: Liberal Integration
2012.9396984924624,0.38189733501314344,0.2870424964803224,0.46673722355622266,US: Liberal Integration
2013.0603015075376,0.38326526452395643,0.2880924466632283,0.4707995734652901,US: Liberal Integration
2013.180904522613,0.3844872340796403,0.28935927632261793,0.47445193132835634,US: Liberal Integration
2013.3015075376884,0.385553557656575,0.29083779508830115,0.4776621307255146,US: Liberal Integration
2013.4221105527638,0.3864545492311432,0.2925228125900892,0.4803248674701379,US: Liberal Integration
2013.5427135678392,0.3871805227797285,0.29440913845779393,0.4822100424416038,US: Liberal Integration
2013.6633165829146,0.38772179227871284,0.29689529648987467,0.48452445767020935,US: Liberal Integration
2013.78391959799,0.38806867170447973,0.2995451553864213,0.4870340072926451,US: Liberal Integration
2013.9045226130654,0.38821147503341175,0.3023441124803236,0.48896594087437856,US: Liberal Integration
2014.0251256281408,0.38814051624189205,0.30528344682744435,0.4900789899011316,US: Liberal Integration
2014.145728643216,0.3878461093063038,0.30835443748364033,0.49055160251011776,US: Liberal Integration
2014.2663316582914,0.3873185682030292,0.31076814776183326,0.49034657292823214,US: Liberal Integration
2014.3869346733668,0.38654820690845126,0.31170415790521316,0.4894266953823677,US: Liberal Integration
2014.5075376884422,0.385525339398953,0.3129160171114309,0.4877547640994177,US: Liberal Integration
2014.6281407035176,0.38424027965091717,0.3130893866106952,0.48529357330627626,US: Liberal Integration
2014.748743718593,0.38268334164072676,0.30989472613567126,0.4820059172298369,US: Liberal Integration
2014.8693467336684,0.3808448393447644,0.306614390814519,0.4778545900969937,US: Liberal Integration
2014.9899497487438,0.378715086739413,0.30341474472783486,0.4728023861346401,US: Liberal Integration
2015.110552763819,0.37629031937361257,0.30039766954710156,0.46682937196740415,US: Liberal Integration
2015.2311557788944,0.37359721706448945,0.2976449360911664,0.46000441588600227,US: Liberal Integration
2015.3517587939698,0.37067221620965385,0.29510364405274964,0.45242484475984956,US: Liberal Integration
2015.4723618090452,0.36755175765567727,0.29277781030013555,0.44418799843535894,US: Liberal Integration
2015.5929648241206,0.3642722822491312,0.2906714517016089,0.4353912167589431,US: Liberal Integration
2015.713567839196,0.3608702308365872,0.2887885851254543,0.42613183957701484,US: Liberal Integration
2015.8341708542714,0.3573820442646165,0.2871332274399563,0.4183218963874628,US: Liberal Integration
2015.9547738693468,0.35384416337979047,0.28434712855085703,0.41208170739563055,US: Liberal Integration
2016.0753768844222,0.3502930290286807,0.2802669001027113,0.4058225685603821,US: Liberal Integration
2016.1959798994974,0.34676508205786505,0.2763037099067703,0.39942579039308057,US: Liberal Integration
2016.3165829145728,0.3432967633139017,0.2725040871152563,0.39293401782674886,US: Liberal Integration
2016.4371859296482,0.3399245136433687,0.26891456088041465,0.38779970477373354,US: Liberal Integration
2016.5577889447236,0.33668477389283746,0.2655816603544827,0.38549264360626734,US: Liberal Integration
2016.678391959799,0.3336139849088792,0.2625519146896982,0.3844256313713937,US: Liberal Integration
2016.7989949748744,0.33074858753806574,0.2598718530382985,0.38322802990836224,US: Liberal Integration
2016.9195979899498,0.32812502262696824,0.2566357788326429,0.38699451349125025,US: Liberal Integration
2017.0402010050252,0.3257797310221581,0.2524565216563496,0.39124033392154,US: Liberal Integration
2017.1608040201006,0.32374915357020684,0.24899763683753262,0.39531372750548566,US: Liberal Integration
2017.2814070351758,0.3220697311176888,0.2463401039735986,0.39918380874999027,US: Liberal Integration
2017.4020100502512,0.32077790451116855,0.2445649026619391,0.4028196921619776,US: Liberal Integration
2017.5226130653266,0.3199101145972215,0.243753012499962,0.40619049224835097,US: Liberal Integration
2017.643216080402,0.31950280222241884,0.2439854130850691,0.4092653235160195,US: Liberal Integration
2017.7638190954774,0.319592408233332,0.2453430840146626,0.4120133004718939,US: Liberal Integration
2017.8844221105528,0.32021537347653256,0.24790700488614445,0.4144035376228833,US: Liberal Integration
2018.0050251256282,0.3214081370340653,0.2517581518889056,0.4164051494371782,US: Liberal Integration
2018.1256281407036,0.32317957431982314,0.25647124908715,0.41798664554272463,US: Liberal Integration
2018.2462311557788,0.32544123828966254,0.26105592191171584,0.41854197404025684,US: Liberal Integration
2018.3668341708542,0.32808321290576514,0.2669009463994927,0.41809645472726525,US: Liberal Integration
2018.4874371859296,0.33099558213029995,0.2749310402903598,0.41709269669700255,US: Liberal Integration
2018.608040201005,0.3340684299254398,0.28089663775712276,0.4155156884529914,US: Liberal Integration
2018.7286432160804,0.33719184025335736,0.2866761947705185,0.413350418498754,US: Liberal Integration
2018.8492462311558,0.34025589707622567,0.29220944113954345,0.41058187533781315,US: Liberal Integration
2018.9698492462312,0.34315068435621754,0.29224933079281945,0.4071950474736911,US: Liberal Integration
2019.0904522613066,0.34576628605550574,0.2927320605673821,0.40317492340991057,US: Liberal Integration
2019.211055276382,0.34799278613626333,0.29425161471164574,0.4086152831107651,US: Liberal Integration
2019.3316582914572,0.34972026856066024,0.29521518834082444,0.4143155164375676,US: Liberal Integration
2019.4522613065326,0.350838817290876,0.2901591809066639,0.418887789771785,US: Liberal Integration
2019.572864321608,0.3512385162890797,0.2850752638782264,0.41959999570395773,US: Liberal Integration
2019.6934673366834,0.3508094495174442,0.2799787764790037,0.4203151634381912,US: Liberal Integration
2019.8140703517588,0.3494417009381424,0.2753646651248803,0.4230268630590466,US: Liberal Integration
2019.9346733668342,0.3470253545133474,0.2713120398700549,0.42371650414146445,US: Liberal Integration
2020.0552763819096,0.3434537462718987,0.2673318802921201,0.4233441289631349,US: Liberal Integration
2020.175879396985,0.33871196157052574,0.2634196289509145,0.42275792648991684,US: Liberal Integration
2020.2964824120604,0.33288737560143594,0.2595545293123318,0.419937710435598,US: Liberal Integration
2020.4170854271356,0.3260727315436791,0.25571497474292093,0.4150493879565566,US: Liberal Integration
2020.537688442211,0.3183607725762647,0.24833865044833192,0.40825886620914,US: Liberal Integration
2020.6582914572864,0.30984424187824056,0.23971212897424735,0.3997320523497221,US: Liberal Integration
2020.7788944723618,0.30061588262864225,0.23089334962443178,0.3896348535346694,US: Liberal Integration
2020.8994974874372,0.29076843800650515,0.22193467506206588,0.3777950092550719,US: Liberal Integration
2021.0201005025126,0.2803946511908652,0.2128884679503306,0.36408641600041775,US: Liberal Integration
2021.140703517588,0.269587265360758,0.20380709095240648,0.3493396611019327,US: Liberal Integration
2021.2613065326634,0.25843902369521915,0.19474290673147454,0.33373738146452686,US: Liberal Integration
2021.3819095477386,0.2470426693733059,0.18574827795073234,0.31746221399314184,US: Liberal Integration
2021.502512562814,0.23549094557401098,0.17687556727332687,0.3006967955926264,US: Liberal Integration
2021.6231155778894,0.22387659547639102,0.16854995112002746,0.28986226792368747,US: Liberal Integration
2021.7437185929648,0.21229236225948192,0.1608239267192834,0.2788258422019835,US: Liberal Integration
2021.8643216080402,0.20083098910231914,0.1514026247835578,0.2674330696616264,US: Liberal Integration
2021.9849246231156,0.18958521918393834,0.14054075043615027,0.2543636946437997,US: Liberal Integration
2022.105527638191,0.17864779568337533,0.13044323135085695,0.24097665241378521,US: Liberal Integration
2022.2261306532664,0.1681114617796656,0.12144688393987427,0.22829161631102168,US: Liberal Integration
2022.3467336683418,0.15806896065184467,0.11254201394195917,0.21842949931369549,US: Liberal Integration
2022.467336683417,0.14861303547896582,0.10414592805603316,0.20973238397963437,US: Liberal Integration
2022.5879396984924,0.13983642944002847,0.09623522839169184,0.20045184361665175,US: Liberal Integration
2022.7085427135678,0.13183188571408688,0.08963104453336504,0.19056530567237762,US: Liberal Integration
2022.8291457286432,0.12469214748017672,0.08445413076282678,0.18005019759442578,US: Liberal Integration
2022.9497487437186,0.11850995791733336,0.08023026133669536,0.1688839468304098,US: Liberal Integration
2023.070351758794,0.11337059569444176,0.07577745168370933,0.15705181736462598,US: Liberal Integration
2023.1909547738694,0.10923992908039099,0.07298918823002937,0.1498808591785832,US: Liberal Integration
2023.3115577889448,0.10598778878344013,0.06932346012255428,0.14728971115707273,US: Liberal Integration
2023.43216080402,0.10348128520931878,0.06366714306964456,0.15088031757832654,US: Liberal Integration
2023.5527638190954,0.10158752876374338,0.053601454253587484,0.16030047129865904,US: Liberal Integration
2023.6733668341708,0.10017362985244505,0.04553065947747498,0.1694899471511095,US: Liberal Integration
2023.7939698492462,0.09910669888114935,0.03880847131565349,0.17785628545236862,US: Liberal Integration
2023.9145728643216,0.09825384625558219,0.03366832287162387,0.18480702651912756,US: Liberal Integration
2024.035175879397,0.09748218238146894,0.030343647248885823,0.18974971066807633,US: Liberal Integration
2024.1557788944724,0.09665881766453557,0.029067877550940185,0.19209187821590626,US: Liberal Integration
2024.2763819095478,0.09565086251050747,0.027188164397754573,0.19124106947930775,US: Liberal Integration
2024.3969849246232,0.0943254273251106,0.026922464932781415,0.18660482477497164,US: Liberal Integration
2024.5175879396984,0.09254962251407423,0.029962793202817257,0.17881021574256853,US: Liberal Integration
2024.6381909547738,0.09019055848311763,0.030490599473303265,0.17433278167538943,US: Liberal Integration
2024.7587939698492,0.08711534563796945,0.029395251036639702,0.1641398366549655,US: Liberal Integration
2024.8793969849246,0.08319109438435517,0.022072985044963783,0.16168282202145134,US: Liberal Integration
2025,0.07828491512800075,0.009182285180894301,0.16080210459470407,US: Liberal Integration
2001,0.042850387162566415,-0.017996217849648034,0.1338529900050127,US: Bilateral Management
2001.1206030150754,0.07895879370158465,0.018990756418255896,0.16724447572255732,US: Bilateral Management
2001.2412060301508,0.11202260386221966,0.05066157565383378,0.19786632177745284,US: Bilateral Management
2001.3618090452262,0.14215503270611196,0.07692247923238725,0.22532209812513845,US: Bilateral Management
2001.4824120603016,0.16946929529490237,0.10077871043618299,0.24974404325632216,US: Bilateral Management
2001.6030150753768,0.19407860669018764,0.12233062466196422,0.28213407999195195,US: Bilateral Management
2001.7236180904522,0.21609618195370095,0.14167857730659358,0.31263109201401795,US: Bilateral Management
2001.8442211055276,0.23563523614703413,0.15664567168504606,0.3358118007413967,US: Bilateral Management
2001.964824120603,0.2528089843318281,0.1687112598020388,0.3545624588800793,US: Bilateral Management
2002.0854271356784,0.26773064156972315,0.17945906362459385,0.3700359083685696,US: Bilateral Management
2002.2060301507538,0.2805134229223601,0.18939482270366337,0.3824066105952193,US: Bilateral Management
2002.3266331658292,0.29127054345137965,0.19823909595811112,0.3979051470444154,US: Bilateral Management
2002.4472361809046,0.3001152182184227,0.20582933037705994,0.41081504587237816,US: Bilateral Management
2002.5678391959798,0.307160662285118,0.21223915865893156,0.4207177133208807,US: Bilateral Management
2002.6884422110552,0.3125200907131325,0.21754221350218284,0.42779205419441596,US: Bilateral Management
2002.8090452261306,0.3163067185640923,0.22181212760523317,0.4322169732974185,US: Bilateral Management
2002.929648241206,0.3186337608996379,0.2251225336665154,0.4341713754343443,US: Bilateral Management
2003.0502512562814,0.31961443278141,0.22754706438446232,0.4338341654096496,US: Bilateral Management
2003.1708542713568,0.3193619492710493,0.22915935245750646,0.4320078631279666,US: Bilateral Management
2003.2914572864322,0.3179895254301964,0.2300330305840808,0.43061712806173846,US: Bilateral Management
2003.4120603015076,0.31561037632049205,0.23024173146261795,0.42753029495657247,US: Bilateral Management
2003.532663316583,0.3123377170035769,0.22985908779155062,0.4228934996674887,US: Bilateral Management
2003.6532663316582,0.30828476254109993,0.229248582607892,0.41685287804951954,US: Bilateral Management
2003.7738693467336,0.3035647279946864,0.22846735401999124,0.4095545659576625,US: Bilateral Management
2003.894472361809,0.2982908284259839,0.2247791851874324,0.39896308597669217,US: Bilateral Management
2004.0150753768844,0.2925762788966331,0.22081374010571708,0.387213172099108,US: Bilateral Management
2004.1356783919598,0.28653429446827483,0.21563200840623759,0.37470469417294644,US: Bilateral Management
2004.2562814070352,0.28027809020254957,0.21067885754660437,0.36755533463237045,US: Bilateral Management
2004.3768844221106,0.27392088116109803,0.2056353086083867,0.35996459589323326,US: Bilateral Management
2004.497487437186,0.26757588240556107,0.20064369538736132,0.3520426851489601,US: Bilateral Management
2004.6180904522614,0.2613563089975791,0.19598850723313868,0.3438998095929761,US: Bilateral Management
2004.7386934673366,0.255375375998804,0.1917393339951044,0.3356461764187222,US: Bilateral Management
2004.859296482412,0.24974629847085364,0.18773558910355093,0.32739199281959225,US: Bilateral Management
2004.9798994974874,0.24458229147538027,0.1842294450203543,0.319247465989027,US: Bilateral Management
2005.1005025125628,0.23999657007402456,0.18132347495042808,0.31386548602706654,US: Bilateral Management
2005.2211055276382,0.23610234932842708,0.17757291676756287,0.3094939867411266,US: Bilateral Management
2005.3417085427136,0.23301284430022864,0.17500145547330515,0.30535056176550246,US: Bilateral Management
2005.462311557789,0.2308412700510699,0.17385024907447805,0.30151263465319506,US: Bilateral Management
2005.5829145728644,0.22970084164259152,0.17249489170757634,0.2977492870147641,US: Bilateral Management
2005.7035175879396,0.2297047741364331,0.1697406305202133,0.2946361844716947,US: Bilateral Management
2005.824120603015,0.23096628259423496,0.17043701150116092,0.2973793829563198,US: Bilateral Management
2005.9447236180904,0.2335985820776391,0.17318133413780967,0.3008490404262707,US: Bilateral Management
2006.0653266331658,0.2377079525662298,0.17812556165085588,0.30462962793838005,US: Bilateral Management
2006.1859296482412,0.2432685223735534,0.18522730084412892,0.30896761539875633,US: Bilateral Management
2006.3065326633166,0.2501358857820706,0.19161972224767448,0.31399351934218334,US: Bilateral Management
2006.427135678392,0.25816143562034244,0.1996385139225047,0.31963999987259106,US: Bilateral Management
2006.5477386934674,0.2671965647169302,0.2090945480737817,0.3258397170939093,US: Bilateral Management
2006.6683417085428,0.2770926659003951,0.21906188919736908,0.3325253311100682,US: Bilateral Management
2006.788944723618,0.28770113199927777,0.22994882498852395,0.3403025723157782,US: Bilateral Management
2006.9095477386934,0.29887335584217967,0.23896600005036456,0.35224161889958217,US: Bilateral Management
2007.0301507537688,0.31046073025764254,0.2453279239028833,0.36466587025892466,US: Bilateral Management
2007.1507537688442,0.3223146480742278,0.25505147752028107,0.37750597058873714,US: Bilateral Management
2007.2713567839196,0.3342865021204964,0.26505131779745916,0.39030539184757135,US: Bilateral Management
2007.391959798995,0.34622768522500963,0.27166247348879285,0.40290622193876524,US: Bilateral Management
2007.5125628140704,0.35798959021632903,0.2784418644892114,0.41515054876565677,US: Bilateral Management
2007.6331658291458,0.36942360992301526,0.28448631382222983,0.4267081181404968,US: Bilateral Management
2007.7537688442212,0.3803811371736298,0.289912403101591,0.43809900074577923,US: Bilateral Management
2007.8743718592964,0.39071356479671526,0.2957365126650934,0.4488867533752332,US: Bilateral Management
2007.9949748743718,0.4002722856208716,0.30193983049432216,0.45838238984883983,US: Bilateral Management
2008.1155778894472,0.4089348197351883,0.3084989684910945,0.4664248438326948,US: Bilateral Management
2008.2361809045226,0.4166971263719919,0.31536979443972196,0.4750385175143245,US: Bilateral Management
2008.356783919598,0.4235887090996829,0.3225023009752143,0.482489818964936,US: Bilateral Management
2008.4773869346734,0.4296390736340503,0.32984648035647546,0.48929467828645556,US: Bilateral Management
2008.5979899497488,0.43487772569088207,0.3363558152963637,0.49484782405689665,US: Bilateral Management
2008.7185929648242,0.43933417098596683,0.34176265288405355,0.4993100652662499,US: Bilateral Management
2008.8391959798994,0.44303791523508684,0.3469094150278835,0.5027216342335965,US: Bilateral Management
2008.9597989949748,0.4460184641540441,0.3517853480256507,0.5051227632780355,US: Bilateral Management
2009.0804020100502,0.44830532345861956,0.35637969817512316,0.5099538523694712,US: Bilateral Management
2009.2010050251256,0.44992799886460133,0.36068171177407865,0.5144425740852692,US: Bilateral Management
2009.321608040201,0.45091599608777827,0.36468063512029525,0.5182400458406352,US: Bilateral Management
2009.4422110552764,0.45129882084393835,0.3683657145115506,0.5213471024064946,US: Bilateral Management
2009.5628140703518,0.45110597884887,0.3717261962456228,0.5237645785537739,US: Bilateral Management
2009.6834170854272,0.45036697581836177,0.37475132662028976,0.5254933090533991,US: Bilateral Management
2009.8040201005026,0.44911131746820215,0.3774303519333292,0.5265341286762961,US: Bilateral Management
2009.9246231155778,0.4473685095141829,0.3797525184825149,0.5268878721933906,US: Bilateral Management
2010.0452261306532,0.445168057672086,0.38170707256563374,0.5265553743756102,US: Bilateral Management
2010.1658291457286,0.4425394676577028,0.38432282512491456,0.5255374699938794,US: Bilateral Management
2010.286432160804,0.4395122451868215,0.38732032086717105,0.5238349938191245,US: Bilateral Management
2010.4070351758794,0.43611589597523076,0.3886679588838149,0.5214487806222711,US: Bilateral Management
2010.5276381909548,0.4323799257387186,0.3824110469871761,0.5183796651742454,US: Bilateral Management
2010.6482412060302,0.4283338401930736,0.3760034623092832,0.5162910836493226,US: Bilateral Management
2010.7688442211056,0.4240071450540842,0.36949801035646496,0.5146766480988638,US: Bilateral Management
2010.889447236181,0.41942934603753884,0.36294749663504966,0.5122894011071253,US: Bilateral Management
2011.0100502512562,0.41462994805986036,0.3564047227626771,0.509106156133136,US: Bilateral Management
2011.1306532663316,0.4096367030089869,0.3494445507006646,0.5051201036955895,US: Bilateral Management
2011.251256281407,0.4044718926526217,0.3420812710769062,0.5003755370124284,US: Bilateral Management
2011.3718592964824,0.3991567347908901,0.33504572647844405,0.4944251772672761,US: Bilateral Management
2011.4924623115578,0.39371244722391824,0.32837219119154515,0.4873954985692274,US: Bilateral Management
2011.6130653266332,0.388160247751832,0.32201322572654745,0.4797763098209943,US: Bilateral Management
2011.7336683417086,0.3825213541747568,0.31471272550705165,0.4716253618825237,US: Bilateral Management
2011.854271356784,0.37681698429281885,0.3075072863097277,0.46300040561376243,US: Bilateral Management
2011.9748743718592,0.3710683559061549,0.3006041135110029,0.45395919187467493,US: Bilateral Management
2012.0954773869346,0.3652966868148689,0.29401252531009753,0.4445594715251738,US: Bilateral Management
2012.21608040201,0.3595231948190976,0.2877418399062712,0.43776611264460114,US: Bilateral Management
2012.3366834170854,0.35376909771896675,0.2818013754987706,0.4333851979854069,US: Bilateral Management
2012.4572864321608,0.3480556133146021,0.27569742599498764,0.4286766784639917,US: Bilateral Management
2012.5778894472362,0.34240395940612983,0.2690349876544067,0.42367681401224455,US: Bilateral Management
2012.6984924623116,0.33683535379367535,0.2626060892050137,0.41842186456205377,US: Bilateral Management
2012.819095477387,0.331371014277365,0.25644077220239186,0.4129480900453086,US: Bilateral Management
2012.9396984924624,0.3260321586573241,0.2505690782021241,0.4071563577946512,US: Bilateral Management
2013.0603015075376,0.32084000473368846,0.24502104875980363,0.4004660982360996,US: Bilateral Management
2013.180904522613,0.31581577030656427,0.23982672543099265,0.3937041876134958,US: Bilateral Management
2013.3015075376884,0.31098067317608696,0.23501614977128488,0.38691053160699596,US: Bilateral Management
2013.4221105527638,0.3063559311423829,0.23061936333626348,0.38012503589674385,US: Bilateral Management
2013.5427135678392,0.3019627620055776,0.22666640768151153,0.3733876061628828,US: Bilateral Management
2013.6633165829146,0.297822383565797,0.22318732436261202,0.36673814808555644,US: Bilateral Management
2013.78391959799,0.2939560136231668,0.22021215493514806,0.3619483391115969,US: Bilateral Management
2013.9045226130654,0.29038486997781304,0.21777094095470279,0.36072918107380303,US: Bilateral Management
2014.0251256281408,0.2871301704298615,0.2158937239768592,0.35954675196052566,US: Bilateral Management
2014.145728643216,0.2842131327794431,0.21461054555720216,0.3583996476689386,US: Bilateral Management
2014.2663316582914,0.28165497482667273,0.21381908502654756,0.35728646409620923,US: Bilateral Management
2014.3869346733668,0.27947691437168204,0.2098198880036763,0.3552290590422991,US: Bilateral Management
2014.5075376884422,0.27770016921459684,0.206539675635865,0.3530768551048182,US: Bilateral Management
2014.6281407035176,0.2763459571555429,0.2040247144733254,0.3509980526209078,US: Bilateral Management
2014.748743718593,0.27543549599464634,0.20277276734923638,0.3490013716671424,US: Bilateral Management
2014.8693467336684,0.2749900035320327,0.20009271008806195,0.3480494038026012,US: Bilateral Management
2014.9899497487438,0.27503069756782794,0.19734740717429697,0.3486562995689493,US: Bilateral Management
2015.110552763819,0.27556671584665193,0.1955355378988629,0.34937925308238305,US: Bilateral Management
2015.2311557788944,0.27654508956180063,0.19460097724960468,0.35018071518266336,US: Bilateral Management
2015.3517587939698,0.27789294640414713,0.19445789871257368,0.35101381664213466,US: Bilateral Management
2015.4723618090452,0.27953740498864077,0.1950204622300406,0.3518316839832266,US: Bilateral Management
2015.5929648241206,0.28140558393023046,0.1962028277442761,0.35258744372836837,US: Bilateral Management
2015.713567839196,0.2834246018438656,0.19791915519755088,0.3532342223999893,US: Bilateral Management
2015.8341708542714,0.28552157734449524,0.20008360453213558,0.3537251465205188,US: Bilateral Management
2015.9547738693468,0.2876236290470687,0.2026103356903009,0.3540133426123863,US: Bilateral Management
2016.0753768844222,0.28965787556653505,0.20541350861431754,0.35405193719802114,US: Bilateral Management
2016.1959798994974,0.2915514355178401,0.2084072832464503,0.3537940567998533,US: Bilateral Management
2016.3165829145728,0.2932314275159401,0.21150581952898143,0.35319282794031137,US: Bilateral Management
2016.4371859296482,0.29462497017578093,0.21463115436901142,0.35220137714182487,US: Bilateral Management
2016.5577889447236,0.29565918211231135,0.21771821834370303,0.35077283092682315,US: Bilateral Management
2016.678391959799,0.2962611819404808,0.22063038309373068,0.3484664329840116,US: Bilateral Management
2016.7989949748744,0.29635808827523824,0.22327812060852714,0.34647513948719777,US: Bilateral Management
2016.9195979899498,0.29587701973153313,0.22325122220816956,0.34636580290378727,US: Bilateral Management
2017.0402010050252,0.2947450949243143,0.22253719641244535,0.3458167773977666,US: Bilateral Management
2017.1608040201006,0.2928894324685313,0.22050842085463027,0.34582029329889874,US: Bilateral Management
2017.2814070351758,0.29023715097913866,0.215714856413051,0.34452061985771243,US: Bilateral Management
2017.4020100502512,0.28671536907107625,0.21057723328887645,0.34334253655460345,US: Bilateral Management
2017.5226130653266,0.282251205359297,0.20507327464432068,0.34189549342682657,US: Bilateral Management
2017.643216080402,0.27677177845875023,0.1991807036415893,0.33905774174834524,US: Bilateral Management
2017.7638190954774,0.27020420698438513,0.1928772434428878,0.33450899343689344,US: Bilateral Management
2017.8844221105528,0.2624756095511509,0.18614061721042174,0.3281176285098969,US: Bilateral Management
2018.0050251256282,0.2535131078148659,0.17894854952096811,0.3197520315003223,US: Bilateral Management
2018.1256281407036,0.2432913248504186,0.17130086197200833,0.30935112420599287,US: Bilateral Management
2018.2462311557788,0.2319526028780237,0.1632753968496607,0.29710288308471156,US: Bilateral Management
2018.3668341708542,0.21967628237439693,0.15496720753089507,0.2832502251806964,US: Bilateral Management
2018.4874371859296,0.2066417038163171,0.1464713473927266,0.2680360675382339,US: Bilateral Management
2018.608040201005,0.19302820768054307,0.13788286981215572,0.2517033272015887,US: Bilateral Management
2018.7286432160804,0.17901513444383355,0.1292968281661827,0.2344949212150258,US: Bilateral Management
2018.8492462311558,0.16478182458294705,0.12080827583180798,0.21665376662280983,US: Bilateral Management
2018.9698492462312,0.15050761857464243,0.11251226618603177,0.19842278046920564,US: Bilateral Management
2019.0904522613066,0.13637185689567818,0.10253974507101707,0.18004487979847802,US: Bilateral Management
2019.211055276382,0.12255388002281319,0.08933675985532297,0.16176298165489184,US: Bilateral Management
2019.3316582914572,0.10923302843283045,0.07572721181880245,0.14390206679865714,US: Bilateral Management
2019.4522613065326,0.09658864260243828,0.06290299289608398,0.13170326083640768,US: Bilateral Management
2019.572864321608,0.08480006300842093,0.05103324399527136,0.11878655620562523,US: Bilateral Management
2019.6934673366834,0.07404663012753704,0.040287106024442174,0.11040752257089903,US: Bilateral Management
2019.8140703517588,0.064507684436545365,0.030833719891674022,0.10292024396528147,US: Bilateral Management
2019.9346733668342,0.05636256641220455,0.02215698932026931,0.09645107992814592,US: Bilateral Management
2020.0552763819096,0.04978574411172734,0.014971569762266568,0.09112282488031058,US: Bilateral Management
2020.175879396985,0.044814221861021325,0.010650156198502445,0.08695769190009983,US: Bilateral Management
2020.2964824120604,0.04133174790463553,0.005847853432091006,0.08386575756072488,US: Bilateral Management
2020.4170854271356,0.03921402788325842,0.002472349969396395,0.0817512137130369,US: Bilateral Management
2020.537688442211,0.038336767437567865,8.650597286213914e-4,0.08051825220787617,US: Bilateral Management
2020.6582914572864,0.03857567220825473,6.623426036685893e-4,0.08007106489609563,US: Bilateral Management
2020.7788944723618,0.03980644783600466,0.0016871350696861728,0.07981851725505684,US: Bilateral Management
2020.8994974874372,0.04190479996150331,0.0038130263171451766,0.08004495411571802,US: Bilateral Management
2021.0201005025126,0.04474643422543631,0.006913605536516615,0.08213283563547547,US: Bilateral Management
2021.140703517588,0.04820705626848931,0.010625371421755713,0.08801887253799753,US: Bilateral Management
2021.2613065326634,0.05216237173134797,0.01094463874063658,0.09354697844657277,US: Bilateral Management
2021.3819095477386,0.056488086254689485,0.011934193681153615,0.09891167434903508,US: Bilateral Management
2021.502512562814,0.061059905479216005,0.013550784502471908,0.10427329712903805,US: Bilateral Management
2021.6231155778894,0.06575353504560533,0.015751159463751496,0.10948250545263785,US: Bilateral Management
2021.7437185929648,0.07044468059454312,0.01849206682415367,0.11551781574290004,US: Bilateral Management
2021.8643216080402,0.07500904776671502,0.021730254842839702,0.12425067932742216,US: Bilateral Management
2021.9849246231156,0.07932234220280662,0.025422471778970883,0.13226791818495143,US: Bilateral Management
2022.105527638191,0.08326026954350367,0.02952546589170852,0.13937172944734136,US: Bilateral Management
2022.2261306532664,0.08669853542949174,0.03399598544021386,0.14536431024644533,US: Bilateral Management
2022.3467336683418,0.0895128455014565,0.039113761336556835,0.15004785771411688,US: Bilateral Management
2022.467336683417,0.09157890540008042,0.04450056022824647,0.15308103546925708,US: Bilateral Management
2022.5879396984924,0.0927724207660572,0.05008479695956552,0.15379615630364735,US: Bilateral Management
2022.7085427135678,0.09296909724006783,0.05582004183698812,0.15259743029094963,US: Bilateral Management
2022.8291457286432,0.09204464046279796,0.05821100263646928,0.14929047336641538,US: Bilateral Management
2022.9497487437186,0.08987475607493321,0.056821287882363854,0.14368090146529586,US: Bilateral Management
2023.070351758794,0.08635247414768626,0.053833760755331125,0.1361295742846559,US: Bilateral Management
2023.1909547738694,0.0816479651321582,0.04865483165855314,0.13170809502166067,US: Bilateral Management
2023.3115577889448,0.07615429368328586,0.0414772782587837,0.1261535485978843,US: Bilateral Management
2023.43216080402,0.07027083802399364,0.033962916187557125,0.11963477644181653,US: Bilateral Management
2023.5527638190954,0.06439697637717189,0.02684461500499401,0.11134096488326664,US: Bilateral Management
2023.6733668341708,0.05893208696574463,0.020355754501004446,0.10642999012626925,US: Bilateral Management
2023.7939698492462,0.054275548012625095,0.014933980547023449,0.10700796007361249,US: Bilateral Management
2023.9145728643216,0.050826737740726366,0.011056014995054604,0.11014867524764119,US: Bilateral Management
2024.035175879397,0.04898503437296167,0.008506288012277072,0.11397894853063864,US: Bilateral Management
2024.1557788944724,0.04914981613224417,0.00612505826066647,0.1172714309314921,US: Bilateral Management
2024.2763819095478,0.051720461241487055,0.005720414860681816,0.11996435574238784,US: Bilateral Management
2024.3969849246232,0.05709634792360348,0.006252891340210545,0.12199595625551202,US: Bilateral Management
2024.5175879396984,0.06567685440148714,0.009147704405441494,0.12829419200441358,US: Bilateral Management
2024.6381909547738,0.077861358898083,0.016092218700297083,0.14279605591451455,US: Bilateral Management
2024.7587939698492,0.09404923963629118,0.02408599216417932,0.1621755090727497,US: Bilateral Management
2024.8793969849246,0.1146398748390248,0.029936173567934717,0.19628232638554066,US: Bilateral Management
2025,0.14003264272919705,0.03830495946261506,0.2358924961401529,US: Bilateral Management
2001,-0.0033774161734613723,-0.010346956320509672,0.006166272823708484,US: Economic Security
2001.1206030150754,-5.568170334464068e-4,-0.0042690741176242344,0.007533739952380141,US: Economic Security
2001.2412060301508,0.0018893162560020473,-2.36382953919865e-5,0.00865821579500585,US: Economic Security
2001.3618090452262,0.003979565130692198,9.483982221727364e-4,0.009695506832412742,US: Economic Security
2001.4824120603016,0.005732511026432254,0.0015796212356432402,0.012219484931763249,US: Economic Security
2001.6030150753768,0.007166735379028015,0.0021026055856733553,0.014185366443380941,US: Economic Security
2001.7236180904522,0.008300819624293063,0.0025257320173228694,0.016857485406980406,US: Economic Security
2001.8442211055276,0.009153345198032613,0.002857381275648531,0.018967531062003974,US: Economic Security
2001.964824120603,0.009742893536054877,0.0031059341057081756,0.020487896770804224,US: Economic Security
2002.0854271356784,0.010088046074168052,0.003272019269676718,0.021457169835643122,US: Economic Security
2002.2060301507538,0.010207384248180365,0.0033226634687216826,0.02191393755878268,US: Economic Security
2002.3266331658292,0.010119489493900014,0.0033199157167543986,0.02189678724248488,US: Economic Security
2002.4472361809046,0.00984294324713521,0.003270505906509528,0.021444306189011733,US: Economic Security
2002.5678391959798,0.009396326943695162,0.003181163930721925,0.02059508170062717,US: Economic Security
2002.6884422110552,0.008798222019386355,0.0030586196821259007,0.019387701079589918,US: Economic Security
2002.8090452261306,0.00806720991001769,0.002909603053456244,0.017860751628163217,US: Economic Security
2002.929648241206,0.00722187205139738,0.002740843937447613,0.01605282064860906,US: Economic Security
2003.0502512562814,0.006280789879333635,0.002661914145363604,0.014002495443189447,US: Economic Security
2003.1708542713568,0.005262544829634657,0.0019835847909384745,0.011748363314166357,US: Economic Security
2003.2914572864322,0.004185718338108665,0.001248320085941384,0.009329011563801799,US: Economic Security
2003.4120603015076,0.0030688918405638622,4.0817580349453885e-4,0.006783027494357753,US: Economic Security
2003.532663316583,0.0019306467728084603,-0.0010878913856224492,0.005171804065698505,US: Economic Security
2003.6532663316582,7.895645706528106e-4,-0.002771562631180835,0.004380366796958602,US: Economic Security
2003.7738693467336,-3.357733300992039e-4,-0.004773374075595472,0.004169553598588599,US: Economic Security
2003.894472361809,-0.0014267854936372284,-0.006723956508566834,0.0038474949513967005,US: Economic Security
2004.0150753768844,-0.0024648904841530444,-0.00859269427099881,0.0035605517448553097,US: Economic Security
2004.1356783919598,-0.0034315068658384495,-0.010703269002120307,0.003319493753010061,US: Economic Security
2004.2562814070352,-0.004308053202885225,-0.012869369223518654,0.003186507433213541,US: Economic Security
2004.3768844221106,-0.005075948059485175,-0.014716028913444583,0.0035330881600972508,US: Economic Security
2004.497487437186,-0.005716609999830079,-0.01623962643928701,0.003972568104929391,US: Economic Security
2004.6180904522614,-0.006211457588111735,-0.017466792559913652,0.004513328012767789,US: Economic Security
2004.7386934673366,-0.006541909388521457,-0.01854456188183775,0.00516374862866895,US: Economic Security
2004.859296482412,-0.006689383965252332,-0.019600324203801416,0.0059322106976931405,US: Economic Security
2004.9798994974874,-0.006635299882495367,-0.02028108391543881,0.006827094964897072,US: Economic Security
2005.1005025125628,-0.006361075704442339,-0.020548253714487912,0.007856782175338578,US: Economic Security
2005.2211055276382,-0.005848129995285049,-0.020363246298686733,0.0090296530740754909,US: Economic Security
2005.3417085427136,-0.0050778813192152794,-0.01957134162170772,0.010354088406165647,US: Economic Security
2005.462311557789,-0.0040317482404248275,-0.018145008710206464,0.011838468916666872,US: Economic Security
2005.5829145728644,-0.002691149323105477,-0.01611084292360776,0.013478927994753491,US: Economic Security
2005.7035175879396,-0.001037503131452444,-0.013427921294892183,0.01502945834944889,US: Economic Security
2005.824120603015,9.477717703486771e-4,-0.010293373952551053,0.01672379913513878,US: Economic Security
2005.9447236180904,0.0032832568181032883,-0.007291150319698968,0.018568269496532487,US: Economic Security
2006.0653266331658,0.005985622569815989,-0.0037180491778312586,0.020568195306122614,US: Economic Security
2006.1859296482412,0.009035126793665018,-9.027963696926395e-4,0.022709975107557925,US: Economic Security
2006.3065326633166,0.012379366642260256,0.0016668942258452415,0.024963030491772155,US: Economic Security
2006.427135678392,0.015964781608513515,0.0034895993223148904,0.02953547353180351,US: Economic Security
2006.5477386934674,0.01973781118533659,0.005084229641614294,0.035773360378776375,US: Economic Security
2006.6683417085428,0.023644894865641315,0.006763998164935305,0.04256357151397054,US: Economic Security
2006.788944723618,0.027632472142331947,0.008504798990522349,0.048929370846643304,US: Economic Security
2006.9095477386934,0.031646982508335385,0.01028252621662976,0.0566691166589945,US: Economic Security
2007.0301507537688,0.03563486545655604,0.01207307394150206,0.06467157405033555,US: Economic Security
2007.1507537688442,0.03954256047990568,0.01385233626338699,0.0724973906427677,US: Economic Security
2007.2713567839196,0.04331650707129613,0.015596207280532286,0.08003420554393717,US: Economic Security
2007.391959798995,0.04690314472363921,0.0172805810911857,0.08716965786149024,US: Economic Security
2007.5125628140704,0.05024891292984675,0.018881351793594976,0.09379138670307319,US: Economic Security
2007.6331658291458,0.05330025118283053,0.020374413486007853,0.09978703117633225,US: Economic Security
2007.7537688442212,0.056003598975502354,0.021735660266672063,0.1050442303889137,US: Economic Security
2007.8743718592964,0.058305395800770154,0.022940986233833265,0.10945062344845637,US: Economic Security
2007.9949748743718,0.06015208115155448,0.02402398577068214,0.11289384946262325,US: Economic Security
2008.1155778894472,0.06150268997673729,0.02508155835132485,0.11528831286516728,US: Economic Security
2008.2361809045226,0.06237335448618118,0.025101838589078634,0.11666974968859424,US: Economic Security
2008.356783919598,0.06279637797693409,0.02480184923007154,0.11710825950278611,US: Economic Security
2008.4773869346734,0.0628040647812585,0.024257503652126367,0.1166739440774544,US: Economic Security
2008.5979899497488,0.06242871923141706,0.02349472718751136,0.11543690518231059,US: Economic Security
2008.7185929648242,0.06170264565967223,0.022539445168494775,0.1134672445870662,US: Economic Security
2008.8391959798994,0.06065814839828878,0.021417637583385173,0.1108350640614383,US: Economic Security
2008.9597989949748,0.059327531779525315,0.020212932367282957,0.10761046537512839,US: Economic Security
2009.0804020100502,0.05774310013564598,0.018892280676213735,0.10386355029785226,US: Economic Security
2009.2010050251256,0.055937157798913374,0.017480409650967588,0.09966442059932148,US: Economic Security
2009.321608040201,0.05394200910159,0.016002046432334577,0.09508317804924754,US: Economic Security
2009.4422110552764,0.05178995837593838,0.014481918161104787,0.09028124294668732,US: Economic Security
2009.5628140703518,0.049513309954221076,0.01294475197806829,0.08695519368452978,US: Economic Security
2009.6834170854272,0.04714436816870063,0.011415275024015166,0.08342095061240967,US: Economic Security
2009.8040201005026,0.04471543735163955,0.009918214439735477,0.07972839832476858,US: Economic Security
2009.9246231155778,0.04225882183530501,0.008478297366021941,0.07592742141605537,US: Economic Security
2010.0452261306532,0.03980682595195022,0.007120250943659178,0.07156771060523978,US: Economic Security
2010.1658291457286,0.03739175403384236,0.005868802313440031,0.06699123841023882,US: Economic Security
2010.286432160804,0.03504591041324395,0.0046160115547468055,0.06410693586327343,US: Economic Security
2010.4070351758794,0.03280159942241752,0.002650195994690217,0.061945127519961354,US: Economic Security
2010.5276381909548,0.030691125393625607,0.0012374001097397135,0.05981216169758692,US: Economic Security
2010.6482412060302,0.02874679265913076,1.062220033829519e-4,0.05773723024752854,US: Economic Security
2010.7688442211056,0.027000905551195498,-7.090836113348086e-4,0.05574952502116458,US: Economic Security
2010.889447236181,0.02548576840208237,-0.0011742620213683387,0.05387823786987338,US: Economic Security
2011.0100502512562,0.024233681385174174,-0.001624793513432872,0.052152557482275624,US: Economic Security
2011.1306532663316,0.02326782424602457,-0.0017392185059421487,0.05063207146457904,US: Economic Security
2011.251256281407,0.022582917501928347,-0.0015203420361495248,0.05041125844005114,US: Economic Security
2011.3718592964824,0.022168146198480652,-9.84799463523722e-4,0.05038652463386973,US: Economic Security
2011.4924623115578,0.022012695381276638,-1.492261475334539e-4,0.05014772640650309,US: Economic Security
2011.6130653266332,0.022105750095911456,8.357546646235435e-4,0.050075233554334,US: Economic Security
2011.7336683417086,0.02243649538798027,0.0015038793059568378,0.050167959089796696,US: Economic Security
2011.854271356784,0.02299411630307822,0.002489961470612155,0.05041518151606588,US: Economic Security
2011.9748743718592,0.023767797886798815,0.0037796419922275087,0.05080617933631542,US: Economic Security
2012.0954773869346,0.024746725184740134,0.005358561704448541,0.05149693838281334,US: Economic Security
2012.21608040201,0.025920083242496075,0.007212361440913793,0.05417985309590741,US: Economic Security
2012.3366834170854,0.027277057105661816,0.008873751530931782,0.05703070172410178,US: Economic Security
2012.4572864321608,0.028806831819832488,0.009485464128493461,0.06002666172209088,US: Economic Security
2012.5778894472362,0.030498592430603252,0.009988107210541204,0.06314491054456917,US: Economic Security
2012.6984924623116,0.03234152398356925,0.010704139421438472,0.06636262564623106,US: Economic Security
2012.819095477387,0.034324811524325656,0.011636847814861915,0.06965698448177104,US: Economic Security
2012.9396984924624,0.03643764009846759,0.012789519444488162,0.07264115974859059,US: Economic Security
2013.0603015075376,0.03866919475158594,0.01416544136399106,0.07556922972719396,US: Economic Security
2013.180904522613,0.04100866052928428,0.015767900627052432,0.07918939893461543,US: Economic Security
2013.3015075376884,0.04344522247715363,0.017600184287346526,0.08392833067668283,US: Economic Security
2013.4221105527638,0.045968065640789174,0.01865501586116691,0.08866865685302884,US: Economic Security
2013.5427135678392,0.04856637506578609,0.01973492029412878,0.0933782832101869,US: Economic Security
2013.6633165829146,0.05122933579773948,0.02101460538447535,0.09802511549469066,US: Economic Security
2013.78391959799,0.05394613288224451,0.022499637369501502,0.10257705945307355,US: Economic Security
2013.9045226130654,0.056705951364896354,0.024195582486502117,0.10700202083186924,US: Economic Security
2014.0251256281408,0.05949797629129019,0.026108006972772085,0.1111040877864084,US: Economic Security
2014.145728643216,0.06231139270701577,0.028242477065602022,0.1149803445639539,US: Economic Security
2014.2663316582914,0.06513538565767898,0.030604559002294873,0.11863030422013562,US: Economic Security
2014.3869346733668,0.06795914018886962,0.033199819020141685,0.12202302100429019,US: Economic Security
2014.5075376884422,0.07077184134618285,0.03603382335643736,0.12512754916576174,US: Economic Security
2014.6281407035176,0.0735626741752138,0.03911213824847676,0.12791294295389435,US: Economic Security
2014.748743718593,0.0763208237215577,0.04251784075103934,0.13034825661803226,US: Economic Security
2014.8693467336684,0.07903547503080967,0.046321100498981846,0.1324025444075195,US: Economic Security
2014.9899497487438,0.08169581314856483,0.048855509375440614,0.13404486057170029,US: Economic Security
2015.110552763819,0.08429071159691957,0.0517064242419885,0.13525042820464164,US: Economic Security
2015.2311557788944,0.08680744227869958,0.05480552407171363,0.13602618595597818,US: Economic Security
2015.3517587939698,0.08923276382021494,0.058028888460257166,0.13638923646968845,US: Economic Security
2015.4723618090452,0.09155343461372883,0.0613488742957339,0.1363566870244981,US: Economic Security
2015.5929648241206,0.09375621305150415,0.06426838599978094,0.13594564489913272,US: Economic Security
2015.713567839196,0.09582785752580403,0.06551311588598648,0.1351732173723179,US: Economic Security
2015.8341708542714,0.09775512642889136,0.06673287290468194,0.13405651172277927,US: Economic Security
2015.9547738693468,0.0995247781530293,0.06792327202033942,0.13548852148913082,US: Economic Security
2016.0753768844222,0.10112357109048077,0.06938438087320664,0.13841956866480176,US: Economic Security
2016.1959798994974,0.10253826363350636,0.07089672184536817,0.14008017487560587,US: Economic Security
2016.3165829145728,0.1037556141743744,0.07058419992882187,0.14282383762577178,US: Economic Security
2016.4371859296482,0.10476238110534508,0.06924913348824438,0.14670612575628855,US: Economic Security
2016.5577889447236,0.10554532281868147,0.06833469896886789,0.15017821953662608,US: Economic Security
2016.678391959799,0.10609119770664652,0.06735878919366362,0.1531947033463098,US: Economic Security
2016.7989949748744,0.10638676416150326,0.06633202676335116,0.15571016156486495,US: Economic Security
2016.9195979899498,0.10641878057551475,0.06526503427865017,0.15767917857181699,US: Economic Security
2017.0402010050252,0.10617400534094397,0.06416843434028033,0.15905633874669126,US: Economic Security
2017.1608040201006,0.10563919685005402,0.06305284954896123,0.15979622646901315,US: Economic Security
2017.2814070351758,0.10480111349510965,0.061008957777357715,0.1598534261183085,US: Economic Security
2017.4020100502512,0.10364651366837091,0.05896842116623871,0.1591825220741031,US: Economic Security
2017.5226130653266,0.10216215576210193,0.057046752205818674,0.15773809871592145,US: Economic Security
2017.643216080402,0.10033479816856587,0.05526918276293189,0.155474740423289,US: Economic Security
2017.7638190954774,0.09815119928002568,0.05366094470441264,0.15234703157573098,US: Economic Security
2017.8844221105528,0.0955981174887444,0.05000975111958389,0.14830955655277292,US: Economic Security
2018.0050251256282,0.0926623131031032,0.04598004899793112,0.14331690303336575,US: Economic Security
2018.1256281407036,0.08936047811247744,0.041755048233795854,0.13737519902427237,US: Economic Security
2018.2462311557788,0.08581498800059924,0.03745851970634313,0.13067255235305247,US: Economic Security
2018.3668341708542,0.08217153166022287,0.03323534125254485,0.1236904238151276,US: Economic Security
2018.4874371859296,0.07857579798412288,0.029230390709397366,0.11771672385401576,US: Economic Security
2018.608040201005,0.07517347586506722,0.025588545913889024,0.11324622552201469,US: Economic Security
2018.7286432160804,0.07211025419582383,0.02245468470300813,0.11138253467098022,US: Economic Security
2018.8492462311558,0.06953182186916063,0.02006391544038602,0.11173160157204201,US: Economic Security
2018.9698492462312,0.06758386777784561,0.019419378926491936,0.11673890849759513,US: Economic Security
2019.0904522613066,0.06641208081464672,0.019756391124848824,0.12222568104584305,US: Economic Security
2019.211055276382,0.06616214987233197,0.021210440538359916,0.12821099652577053,US: Economic Security
2019.3316582914572,0.0669797638436666,0.01927068318963957,0.13471393224634956,US: Economic Security
2019.4522613065326,0.06901061162142148,0.0186160698560056,0.14175356551658932,US: Economic Security
2019.572864321608,0.0724003820983641,0.019723553939183812,0.14934897364546282,US: Economic Security
2019.6934673366834,0.07729476416726237,0.022797310671547864,0.15751923394195477,US: Economic Security
2019.8140703517588,0.08383944672088423,0.027073854258234123,0.16628342371504987,US: Economic Security
2019.9346733668342,0.09218011865199768,0.03241056643755898,0.17566062027373291,US: Economic Security
2020.0552763819096,0.10245734058752788,0.04011041858990891,0.18566908517125608,US: Economic Security
2020.175879396985,0.11466699132820687,0.050438049777962034,0.1963040653526731,US: Economic Security
2020.2964824120604,0.12864364625665387,0.06270527659380147,0.20753514915015875,US: Economic Security
2020.4170854271356,0.1442134158418157,0.07674355710903717,0.21910528794982181,US: Economic Security
2020.537688442211,0.16120241055272916,0.09238434939536047,0.23357841361630086,US: Economic Security
2020.6582914572864,0.17943674085834405,0.10945911152438458,0.25212417220900746,US: Economic Security
2020.7788944723618,0.19874251722763814,0.12570826118672795,0.2714373693812314,US: Economic Security
2020.8994974874372,0.21894585012958906,0.1411717824777479,0.29137684174836337,US: Economic Security
2021.0201005025126,0.2398728500331746,0.15770700664747744,0.31180142592579374,US: Economic Security
2021.140703517588,0.2613496274073725,0.17519398445054987,0.3341401186916534,US: Economic Security
2021.2613065326634,0.2832022927211605,0.19351276664159853,0.3627053596852687,US: Economic Security
2021.3819095477386,0.30525695644347467,0.2125434039752202,0.39102503360648677,US: Economic Security
2021.502512562814,0.3273397290433761,0.23216594720612005,0.41881081794237596,US: Economic Security
2021.6231155778894,0.3492767209898011,0.2522604470888963,0.4457743901798439,US: Economic Security
2021.7437185929648,0.3708940427517274,0.272706954378182,0.47162742780585143,US: Economic Security
2021.8643216080402,0.3920178047981328,0.2933855198286107,0.4960816083073599,US: Economic Security
2021.9849246231156,0.41247411759799507,0.3141761941948156,0.5188486091713304,US: Economic Security
2022.105527638191,0.43208909162029163,0.33495902823142987,0.5396401078847239,US: Economic Security
2022.2261306532664,0.4506888373340007,0.355370210549857,0.5581677819345016,US: Economic Security
2022.3467336683418,0.46809946520809964,0.3737446104658302,0.5741433088076247,US: Economic Security
2022.467336683417,0.4841470857115373,0.3915955616200283,0.5872783659910321,US: Economic Security
2022.5879396984924,0.4986578093133523,0.4088112375690107,0.5972846309717355,US: Economic Security
2022.7085427135678,0.511457746482491,0.42527981186923486,0.6038737812366679,US: Economic Security
2022.8291457286432,0.5223730076879309,0.4408894580771928,0.6067574942727905,US: Economic Security
2022.9497487437186,0.5312297033986496,0.45552834974937645,0.6056474475670648,US: Economic Security
2023.070351758794,0.5378558204746998,0.4661980846005058,0.6093066703597086,US: Economic Security
2023.1909547738694,0.5421093625628021,0.4722292848555121,0.6157549154201576,US: Economic Security
2023.3115577889448,0.5438724747493651,0.4595302098535785,0.6328050216707148,US: Economic Security
2023.43216080402,0.5430279859367908,0.4436590867301957,0.6490599887599184,US: Economic Security
2023.5527638190954,0.5394587250274738,0.42740347031513015,0.6618901381411344,US: Economic Security
2023.6733668341708,0.5330475209238112,0.4068417279574382,0.6704077161363462,US: Economic Security
2023.7939698492462,0.5236772025282013,0.3810795488248071,0.6737249690675716,US: Economic Security
2023.9145728643216,0.511230598743041,0.3543465285870987,0.6709541432568276,US: Economic Security
2024.035175879397,0.495590538470729,0.327148470349461,0.6612074850261316,US: Economic Security
2024.1557788944724,0.47663985061366243,0.2999911772170416,0.643597240697501,US: Economic Security
2024.2763819095478,0.4542613640742397,0.27338045229498864,0.6172356565929531,US: Economic Security
2024.3969849246232,0.42833790775485836,0.24782209868844973,0.581234979034505,US: Economic Security
2024.5175879396984,0.3987523105579756,0.2279840253689984,0.5347074543442727,US: Economic Security
2024.6381909547738,0.3653874013858779,0.2121524461191211,0.47676532884409895,US: Economic Security
2024.7587939698492,0.32812600914101553,0.19409995789556383,0.4129509009009271,US: Economic Security
2024.8793969849246,0.2868509627257863,0.16104575259592618,0.3516988444457082,US: Economic Security
2025,0.24144509104258788,0.12646432192513585,0.3232931499568831,US: Economic Security
2001,0.6568320961357176,0.4322626657326776,0.8959468892311327,EU: Liberal Integration
2001.1206030150754,0.6783411065367865,0.48205025910221405,0.8872344419928623,EU: Liberal Integration
2001.2412060301508,0.6967987042079586,0.5289575374801542,0.8736112699430413,EU: Liberal Integration
2001.3618090452262,0.7123411778249101,0.5667246349624335,0.86662478116555,EU: Liberal Integration
2001.4824120603016,0.7251048160633191,0.5975931058216881,0.8589802928437877,EU: Liberal Integration
2001.6030150753768,0.7352259075988453,0.6165242993203628,0.8500633748719975,EU: Liberal Integration
2001.7236180904522,0.742840741107204,0.6292869881518433,0.8412186965294133,EU: Liberal Integration
2001.8442211055276,0.7480856052640504,0.6402227296825185,0.8382385810545874,EU: Liberal Integration
2001.964824120603,0.7510967887450617,0.649409941877494,0.8332364035232283,EU: Liberal Integration
2002.0854271356784,0.7520105802259149,0.6565052208710342,0.8263673275159684,EU: Liberal Integration
2002.2060301507538,0.7509632683822869,0.6601980566886572,0.8177865166134412,EU: Liberal Integration
2002.3266331658292,0.7480911418898549,0.6621446201446177,0.8127556823804836,EU: Liberal Integration
2002.4472361809046,0.743530489424296,0.6649095628396634,0.8051932580556322,EU: Liberal Integration
2002.5678391959798,0.7374175996612999,0.6599790212813027,0.8030407142256499,EU: Liberal Integration
2002.6884422110552,0.7298887612765206,0.6519919781821969,0.8033219878967278,EU: Liberal Integration
2002.8090452261306,0.721080262945645,0.6432963488956398,0.8008983175108986,EU: Liberal Integration
2002.929648241206,0.71112839334435,0.6339900637109666,0.7959878804303229,EU: Liberal Integration
2003.0502512562814,0.7001694411483129,0.6241710529175122,0.7888088540171614,EU: Liberal Integration
2003.1708542713568,0.6883396950332109,0.6128339742049524,0.7793429216070359,EU: Liberal Integration
2003.2914572864322,0.6757754436747205,0.6010682954237876,0.7670598969036976,EU: Liberal Integration
2003.4120603015076,0.6626129757485192,0.5893166241344763,0.7531482844884043,EU: Liberal Integration
2003.532663316583,0.6489885799302837,0.577665445549422,0.7378515358895723,EU: Liberal Integration
2003.6532663316582,0.635038544895718,0.5662012448810496,0.7241479926366754,EU: Liberal Integration
2003.7738693467336,0.6208991593204456,0.5524900505531336,0.7103047498939854,EU: Liberal Integration
2003.894472361809,0.6067067118801702,0.533908271722375,0.6957623378053119,EU: Liberal Integration
2004.0150753768844,0.5925974912505685,0.5180260831645545,0.680691341136975,EU: Liberal Integration
2004.1356783919598,0.5787077861073174,0.5033404792093014,0.6652623446552941,EU: Liberal Integration
2004.2562814070352,0.5651738851260946,0.48869289277206773,0.6496459331265894,EU: Liberal Integration
2004.3768844221106,0.552132076982576,0.4708071874125537,0.6340126913171802,EU: Liberal Integration
2004.497487437186,0.5397186503524397,0.45456452684544457,0.6185332039933866,EU: Liberal Integration
2004.6180904522614,0.5280698939113623,0.44022298479001576,0.6033780559215285,EU: Liberal Integration
2004.7386934673366,0.5173220963350401,0.4280406349655631,0.5887178318679528,EU: Liberal Integration
2004.859296482412,0.5075869952822749,0.41822324921098597,0.5747000235786408,EU: Liberal Integration
2004.9798994974874,0.4988460436379017,0.41069904920486827,0.5613737186804723,EU: Liberal Integration
2005.1005025125628,0.49103764318431153,0.40530454337323385,0.5521167051378655,EU: Liberal Integration
2005.2211055276382,0.4841001685245347,0.3983068833263035,0.5435405821068708,EU: Liberal Integration
2005.3417085427136,0.47797199426160075,0.3931439958157026,0.5357842751383894,EU: Liberal Integration
2005.462311557789,0.4725914949985399,0.38989993989909055,0.5287912311053368,EU: Liberal Integration
2005.5829145728644,0.4678970453383819,0.38116076610036737,0.5235891877456371,EU: Liberal Integration
2005.7035175879396,0.4638270198841641,0.37207497505902015,0.5214972583884153,EU: Liberal Integration
2005.824120603015,0.4603197932389008,0.363712831240674,0.5239215531252374,EU: Liberal Integration
2005.9447236180904,0.4573137400056301,0.3560514839260669,0.5294700936925175,EU: Liberal Integration
2006.0653266331658,0.45474723478738205,0.3490680823959189,0.5333155086529555,EU: Liberal Integration
2006.1859296482412,0.4525586521871866,0.34273977593095073,0.5374773118426832,EU: Liberal Integration
2006.3065326633166,0.45068636680807345,0.33704371381188203,0.5418176273930397,EU: Liberal Integration
2006.427135678392,0.44906875325307266,0.33195704531943315,0.5461985794353642,EU: Liberal Integration
2006.5477386934674,0.4476441861252141,0.32745691973432434,0.5518145445822875,EU: Liberal Integration
2006.6683417085428,0.44635104002752773,0.32352048633727604,0.5591085919016924,EU: Liberal Integration
2006.788944723618,0.4451276895630455,0.32012489440901404,0.5657493803754967,EU: Liberal Integration
2006.9095477386934,0.44391250933479315,0.3171605933382002,0.5715702972881109,EU: Liberal Integration
2007.0301507537688,0.442644036527476,0.31085851304868495,0.57640527237468,EU: Liberal Integration
2007.1507537688442,0.441280480708291,0.3053933960997196,0.5801538719139011,EU: Liberal Integration
2007.2713567839196,0.4398182581377073,0.30073371874175925,0.5828431381161356,EU: Liberal Integration
2007.391959798995,0.43825817478137824,0.29684120805523534,0.5846777615791319,EU: Liberal Integration
2007.5125628140704,0.43660103660495736,0.29367759112058023,0.5886537031712028,EU: Liberal Integration
2007.6331658291458,0.4348476495740981,0.2912045950182257,0.5915927559331273,EU: Liberal Integration
2007.7537688442212,0.4329988196544541,0.28938394682860347,0.5935317021880996,EU: Liberal Integration
2007.8743718592964,0.4310553528116822,0.2881773736321476,0.5945073242593126,EU: Liberal Integration
2007.9949748743718,0.4290180550114291,0.28754660250928543,0.5945564044699645,EU: Liberal Integration
2008.1155778894472,0.42688773221935145,0.28745336054045145,0.5937157251432461,EU: Liberal Integration
2008.2361809045226,0.42466519040110273,0.2878593748060777,0.5920220686023517,EU: Liberal Integration
2008.356783919598,0.4223512355223366,0.2887263723865962,0.5895122171704755,EU: Liberal Integration
2008.4773869346734,0.4199466735487068,0.2887652896992353,0.5862229531708115,EU: Liberal Integration
2008.5979899497488,0.4174523104458662,0.28881371400561406,0.5821910589265537,EU: Liberal Integration
2008.7185929648242,0.41486895217946873,0.2891865388615275,0.5774533167608962,EU: Liberal Integration
2008.8391959798994,0.41219740471517297,0.2898558056452944,0.5720465089970438,EU: Liberal Integration
2008.9597989949748,0.40943847401862216,0.2917152534172032,0.5660074179581704,EU: Liberal Integration
2009.0804020100502,0.4065929660554748,0.2938624637417204,0.5593728259674795,EU: Liberal Integration
2009.2010050251256,0.4036616867913845,0.29618877829544915,0.5521795153481653,EU: Liberal Integration
2009.321608040201,0.40064544219200454,0.2986631523619908,0.5444642684234217,EU: Liberal Integration
2009.4422110552764,0.39754503822298864,0.3012545412249463,0.5362638675164427,EU: Liberal Integration
2009.5628140703518,0.3943612808499899,0.30352859590761166,0.5276150949504226,EU: Liberal Integration
2009.6834170854272,0.3910949760386624,0.3053988663907146,0.5185547330485556,EU: Liberal Integration
2009.8040201005026,0.38774692975465913,0.3073686297682918,0.5091195641340354,EU: Liberal Integration
2009.9246231155778,0.3843179479636402,0.30566679989066925,0.49934637053007513,EU: Liberal Integration
2010.0452261306532,0.3808088366312464,0.30301239652725354,0.48927193455983164,EU: Liberal Integration
2010.1658291457286,0.3772204017231373,0.3004106076729364,0.4802035409134755,EU: Liberal Integration
2010.286432160804,0.37355344920496664,0.2978560344064354,0.47421315677347087,EU: Liberal Integration
2010.4070351758794,0.3698087850423878,0.29534327780646763,0.4680601960145092,EU: Liberal Integration
2010.5276381909548,0.36598721520105415,0.29345952178704937,0.46176450694343235,EU: Liberal Integration
2010.6482412060302,0.36208954564661944,0.29099843839209305,0.4538684802876116,EU: Liberal Integration
2010.7688442211056,0.358116582344737,0.2854995694010693,0.4457058623228728,EU: Liberal Integration
2010.889447236181,0.35406913126106027,0.28002128957412065,0.4375331017490753,EU: Liberal Integration
2011.0100502512562,0.3499479983612507,0.2745703101219613,0.4293791073343144,EU: Liberal Integration
2011.1306532663316,0.34575398961094606,0.26915334225527504,0.42127278784664013,EU: Liberal Integration
2011.251256281407,0.3414879109758078,0.26377709718477604,0.41380460147142795,EU: Liberal Integration
2011.3718592964824,0.3371505684214891,0.25857044326170436,0.40841187715786414,EU: Liberal Integration
2011.4924623115578,0.33274276791364366,0.2535786279652391,0.4027704722024912,EU: Liberal Integration
2011.6130653266332,0.32826531541792486,0.24865534085410143,0.3968778777925001,EU: Liberal Integration
2011.7336683417086,0.3237190168999864,0.24380689809743533,0.392110828127997,EU: Liberal Integration
2011.854271356784,0.31910467832548145,0.23903961586438438,0.3882033714938813,EU: Liberal Integration
2011.9748743718592,0.31442310566007253,0.2343598103241012,0.38407646748276625,EU: Liberal Integration
2012.0954773869346,0.3096763593750418,0.22977378799115428,0.3797272670551305,EU: Liberal Integration
2012.21608040201,0.30487602368619493,0.22528778208629274,0.3751683529762566,EU: Liberal Integration
2012.3366834170854,0.30003805208843426,0.2209079922046952,0.37041938777528954,EU: Liberal Integration
2012.4572864321608,0.29517842093906305,0.21664061776559262,0.3655000710264773,EU: Liberal Integration
2012.5778894472362,0.2903131065953842,0.21249185818821636,0.36043010230406813,EU: Liberal Integration
2012.6984924623116,0.2854580854147005,0.20846791289179745,0.3552291811823102,EU: Liberal Integration
2012.819095477387,0.28062933375431515,0.20457498129556723,0.3499170072354519,EU: Liberal Integration
2012.9396984924624,0.2758428279715311,0.2008192628187569,0.3445132800377415,EU: Liberal Integration
2013.0603015075376,0.2711145444236601,0.1972069568806042,0.3390376991634374,EU: Liberal Integration
2013.180904522613,0.2664604594679876,0.1931035041756078,0.3335099641867674,EU: Liberal Integration
2013.3015075376884,0.26189654946182517,0.1865898667001729,0.3279497746819898,EU: Liberal Integration
2013.4221105527638,0.257438790762476,0.18042950381312944,0.32237683022335306,EU: Liberal Integration
2013.5427135678392,0.2531031597272433,0.1746443894713792,0.3168108303851053,EU: Liberal Integration
2013.6633165829146,0.2489056327134297,0.1692564976318237,0.31127147474149486,EU: Liberal Integration
2013.78391959799,0.24486218607833832,0.1642878022513647,0.30781106954270737,EU: Liberal Integration
2013.9045226130654,0.24098879617927235,0.159760277286904,0.3046428550665435,EU: Liberal Integration
2014.0251256281408,0.23730143937353457,0.1557831518439987,0.3015354304219145,EU: Liberal Integration
2014.145728643216,0.2338160920184343,0.15262536657671527,0.2980193569839476,EU: Liberal Integration
2014.2663316582914,0.23054873047126165,0.14990721071163504,0.2941406111103174,EU: Liberal Integration
2014.3869346733668,0.227515331089326,0.14764759814866496,0.2903891938981772,EU: Liberal Integration
2014.5075376884422,0.224731870229931,0.1458654427877064,0.28677810798776454,EU: Liberal Integration
2014.6281407035176,0.22221432425037882,0.14457965852866,0.28547821359847964,EU: Liberal Integration
2014.748743718593,0.219978669507973,0.14380915927142715,0.28487951042452575,EU: Liberal Integration
2014.8693467336684,0.21804088236001648,0.14357285891590885,0.284105355845807,EU: Liberal Integration
2014.9899497487438,0.21641693916381213,0.1438896713620061,0.2831352353071031,EU: Liberal Integration
2015.110552763819,0.21512116635053072,0.14477345378278988,0.2819573408302817,EU: Liberal Integration
2015.2311557788944,0.21415940767324634,0.14621206546878068,0.2806046271021156,EU: Liberal Integration
2015.3517587939698,0.21353478841170262,0.1479393341661191,0.2794165098330262,EU: Liberal Integration
2015.4723618090452,0.21325043260602694,0.15026713562756083,0.279035422808206,EU: Liberal Integration
2015.5929648241206,0.21330946429634612,0.15163467387683255,0.2786287502657257,EU: Liberal Integration
2015.713567839196,0.2137150075227875,0.1527240007394301,0.27823492141125317,EU: Liberal Integration
2015.8341708542714,0.21447018632547799,0.1540637536138835,0.27789236545045615,EU: Liberal Integration
2015.9547738693468,0.2155781247445449,0.15575763443094712,0.2776395115890022,EU: Liberal Integration
2016.0753768844222,0.21704194682011513,0.15787821590841283,0.2775147890325591,EU: Liberal Integration
2016.1959798994974,0.2188647765923123,0.16042053541860507,0.27755662698679423,EU: Liberal Integration
2016.3165829145728,0.2210497381012701,0.16337963033386252,0.27780345465737555,EU: Liberal Integration
2016.4371859296482,0.22359995538711264,0.16675053802651044,0.27963379389498977,EU: Liberal Integration
2016.5577889447236,0.22651855248996722,0.17052829586887838,0.28392227046957824,EU: Liberal Integration
2016.678391959799,0.22980865344996065,0.17345433594577786,0.2884447445994892,EU: Liberal Integration
2016.7989949748744,0.23347338230722037,0.17635253686208982,0.2928596749070101,EU: Liberal Integration
2016.9195979899498,0.23751586310187325,0.1796504610184399,0.2996980501091827,EU: Liberal Integration
2017.0402010050252,0.2419392198740464,0.18335345425460933,0.3071588162795461,EU: Liberal Integration
2017.1608040201006,0.24674657666386704,0.18746686241037944,0.3156852789701593,EU: Liberal Integration
2017.2814070351758,0.2519410575114522,0.19125653972871778,0.3245087160170802,EU: Liberal Integration
2017.4020100502512,0.25752578645694835,0.19321782614329602,0.3331468033165488,EU: Liberal Integration
2017.5226130653266,0.2635038875404733,0.19572729443571546,0.34153758475889834,EU: Liberal Integration
2017.643216080402,0.2698784848021543,0.1988136156538679,0.34954931983969506,EU: Liberal Integration
2017.7638190954774,0.2766527022821182,0.20250546084564475,0.3571760931797774,EU: Liberal Integration
2017.8844221105528,0.28382966402049237,0.20683150105893766,0.3643757558801752,EU: Liberal Integration
2018.0050251256282,0.291412492839234,0.211820405846746,0.3710867480478135,EU: Liberal Integration
2018.1256281407036,0.2993852825319058,0.2175991093857192,0.3772565671622628,EU: Liberal Integration
2018.2462311557788,0.3076649387439774,0.22435008586553457,0.382864690690807,EU: Liberal Integration
2018.3668341708542,0.31615354565060605,0.23150396345621238,0.38789765077414723,EU: Liberal Integration
2018.4874371859296,0.3247531874269027,0.2389710577150192,0.3923419795529529,EU: Liberal Integration
2018.608040201005,0.3333659482479937,0.24666168419923443,0.39795668715175603,EU: Liberal Integration
2018.7286432160804,0.34189391228900506,0.2544861584661368,0.4043049451559675,EU: Liberal Integration
2018.8492462311558,0.3502391637250631,0.2623547960730056,0.4177355813378032,EU: Liberal Integration
2018.9698492462312,0.35830378673129387,0.2701779125771198,0.43235203234317876,EU: Liberal Integration
2019.0904522613066,0.3659898654828239,0.2778658235357585,0.4456644388805139,EU: Liberal Integration
2019.211055276382,0.3731994841547789,0.28532884450620055,0.4583426879219906,EU: Liberal Integration
2019.3316582914572,0.3798347269222734,0.2924772910457123,0.4702037563387572,EU: Liberal Integration
2019.4522613065326,0.38579767796045883,0.29922147871159954,0.4810646210020282,EU: Liberal Integration
2019.572864321608,0.39099042144444823,0.3054717230611277,0.4907422587829498,EU: Liberal Integration
2019.6934673366834,0.3953150415493678,0.3111383396515758,0.4990536465526917,EU: Liberal Integration
2019.8140703517588,0.39867362245034377,0.31613164404022276,0.5058157611824233,EU: Liberal Integration
2019.9346733668342,0.4009682483225022,0.320361951784348,0.5108455795433142,EU: Liberal Integration
2020.0552763819096,0.4021010033409695,0.32373957844123036,0.5139600785065338,EU: Liberal Integration
2020.175879396985,0.40197397168087157,0.32629636926737143,0.5149762349432517,EU: Liberal Integration
2020.2964824120604,0.40048923751733495,0.32646815005753616,0.5137110257246373,EU: Liberal Integration
2020.4170854271356,0.39754888502549257,0.3240113709412302,0.5099814277218699,EU: Liberal Integration
2020.537688442211,0.3930549983804598,0.32068388251206054,0.5038732020457688,EU: Liberal Integration
2020.6582914572864,0.38690966175736685,0.3164421051305219,0.4974921662284298,EU: Liberal Integration
2020.7788944723618,0.3790149593313402,0.30614220589470853,0.48801706067678235,EU: Liberal Integration
2020.8994974874372,0.36927297527750574,0.2942272564846741,0.4752487191549697,EU: Liberal Integration
2021.0201005025126,0.35758608302984557,0.28285692282270775,0.45970809057270434,EU: Liberal Integration
2021.140703517588,0.3439547147744627,0.2705627954978503,0.4426302757554206,EU: Liberal Integration
2021.2613065326634,0.32861967680664145,0.2574705841280539,0.42285633673605694,EU: Liberal Integration
2021.3819095477386,0.3118579327786754,0.2423507182161204,0.40078582354051895,EU: Liberal Integration
2021.502512562814,0.29394644634276235,0.22186273471729268,0.3768182861945846,EU: Liberal Integration
2021.6231155778894,0.2751621811511933,0.20098234026365092,0.350488040920193,EU: Liberal Integration
2021.7437185929648,0.2557821008562292,0.17736754325814064,0.3219435151165807,EU: Liberal Integration
2021.8643216080402,0.23608316911013122,0.15087677751087344,0.3016865458639632,EU: Liberal Integration
2021.9849246231156,0.2163423495651602,0.1250634500377494,0.2809598026906965,EU: Liberal Integration
2022.105527638191,0.19683660587357732,0.10040644423074596,0.25997483185251036,EU: Liberal Integration
2022.2261306532664,0.17784290168764355,0.07738464348184017,0.2388113366354681,EU: Liberal Integration
2022.3467336683418,0.15963820065961967,0.05647693118300873,0.2200666221476537,EU: Liberal Integration
2022.467336683417,0.14249946644179792,0.038162190726260856,0.2034608094818111,EU: Liberal Integration
2022.5879396984924,0.1267036626863744,0.02413195061800935,0.18711386395679075,EU: Liberal Integration
2022.7085427135678,0.11252775304564333,0.013978057459730915,0.17246670631987937,EU: Liberal Integration
2022.8291457286432,0.10024870117186582,0.007780379792698926,0.16173230168362618,EU: Liberal Integration
2022.9497487437186,0.09014347071730265,0.0059958847320095085,0.15007920613937897,EU: Liberal Integration
2023.070351758794,0.08247091115109213,0.009038546248716962,0.13970291015030867,EU: Liberal Integration
2023.1909547738694,0.07720009782343457,0.015982306574278623,0.1352148240074389,EU: Liberal Integration
2023.3115577889448,0.0740670510112901,0.016769236914890788,0.1320303839340893,EU: Liberal Integration
2023.43216080402,0.07280118961293047,0.020065399467250847,0.12920788114592863,EU: Liberal Integration
2023.5527638190954,0.07313193252662191,0.025991162964461356,0.1265232448629377,EU: Liberal Integration
2023.6733668341708,0.07478869865063947,0.027045429408166403,0.12429792616357715,EU: Liberal Integration
2023.7939698492462,0.07750090688325421,0.025603004507815066,0.12591973777456333,EU: Liberal Integration
2023.9145728643216,0.08099797612273685,0.026496771307386317,0.13589970175389907,EU: Liberal Integration
2024.035175879397,0.08500932526735831,0.027038211893368,0.14434808913073144,EU: Liberal Integration
2024.1557788944724,0.08926437321538945,0.0271027977787536,0.15608356218135422,EU: Liberal Integration
2024.2763819095478,0.09349253886510116,0.029353498525762682,0.1644311408419586,EU: Liberal Integration
2024.3969849246232,0.0974232411147643,0.034290864262775445,0.16833808363138245,EU: Liberal Integration
2024.5175879396984,0.10078589886264414,0.038200125170973,0.16684729116050234,EU: Liberal Integration
2024.6381909547738,0.10330993100702464,0.041604581779881515,0.1684979259761664,EU: Liberal Integration
2024.7587939698492,0.10472475644616974,0.03994331677740316,0.1773907114680751,EU: Liberal Integration
2024.8793969849246,0.10475979407835022,0.04034625628438221,0.1886923706721502,EU: Liberal Integration
2025,0.10314446280183713,0.027037114530097564,0.19925428733118522,EU: Liberal Integration
2001,0.22270669454945555,0.02149845827158531,0.45575480424585096,EU: Bilateral Management
2001.1206030150754,0.18664293648061986,0.01756133359547874,0.38832342766643835,EU: Bilateral Management
2001.2412060301508,0.15522076029520462,0.015243803744303425,0.3278912967624107,EU: Bilateral Management
2001.3618090452262,0.12823133835194508,0.012864381681668086,0.2741653815998743,EU: Bilateral Management
2001.4824120603016,0.10546584300957638,0.011541836565734171,0.22900635689110088,EU: Bilateral Management
2001.6030150753768,0.08671544662686533,0.007342886212499704,0.19654769914778003,EU: Bilateral Management
2001.7236180904522,0.07177132156247672,0.004224971510029549,0.17619517441366137,EU: Bilateral Management
2001.8442211055276,0.06042464017518476,0.0014989861397387595,0.15946907401487936,EU: Bilateral Management
2001.964824120603,0.052466574823724584,0.0020952959139271107,0.14617070889666003,EU: Bilateral Management
2002.0854271356784,0.04768829786683135,0.002669557156938542,0.1355642203949112,EU: Bilateral Management
2002.2060301507538,0.045880981663240276,0.005897941418700231,0.12598035559415288,EU: Bilateral Management
2002.3266331658292,0.04683579857168645,0.008385614788634086,0.11947782154314597,EU: Bilateral Management
2002.4472361809046,0.05034392095090498,0.008814120091477006,0.12287797087023103,EU: Bilateral Management
2002.5678391959798,0.05619652115961801,0.011216509979116525,0.1300200548849438,EU: Bilateral Management
2002.6884422110552,0.064184771556583,0.014270531957543124,0.1395516591384917,EU: Bilateral Management
2002.8090452261306,0.07409984450052626,0.02049373681665925,0.15120362406314858,EU: Bilateral Management
2002.929648241206,0.08573291235018286,0.029685971096641284,0.16470679009119926,EU: Bilateral Management
2003.0502512562814,0.09887514746428805,0.041124590771335984,0.17875968219186877,EU: Bilateral Management
2003.1708542713568,0.11331772220157696,0.05274721846354459,0.19356276541777734,EU: Bilateral Management
2003.2914572864322,0.12885180892078466,0.0663382773483372,0.20935372865866997,EU: Bilateral Management
2003.4120603015076,0.14526857998064643,0.08201000392168589,0.22860137216139878,EU: Bilateral Management
2003.532663316583,0.16235920773989732,0.09917256891798835,0.24838632205219005,EU: Bilateral Management
2003.6532663316582,0.17991486455723912,0.1133412830292913,0.2681215521762013,EU: Bilateral Management
2003.7738693467336,0.19772672279147344,0.12810846514734803,0.28757175615250685,EU: Bilateral Management
2003.894472361809,0.21558595480130283,0.14362916833934694,0.3065016276000689,EU: Bilateral Management
2004.0150753768844,0.2332837329454623,0.1596499503227096,0.32467586013788696,EU: Bilateral Management
2004.1356783919598,0.25061122958268706,0.17570600094945366,0.34185914738496054,EU: Bilateral Management
2004.2562814070352,0.2673596170717123,0.19158575251936177,0.3578161829602891,EU: Bilateral Management
2004.3768844221106,0.28332006777127305,0.20707763733221668,0.37231166048287223,EU: Bilateral Management
2004.497487437186,0.2982837540401047,0.2219700876878012,0.38511027357170935,EU: Bilateral Management
2004.6180904522614,0.31204184823694214,0.23531426432825425,0.3964696068174409,EU: Bilateral Management
2004.7386934673366,0.3243855227204988,0.24799304216488793,0.4107906178053608,EU: Bilateral Management
2004.859296482412,0.33514499714395,0.25976733204202856,0.42303617538687965,EU: Bilateral Management
2004.9798994974874,0.3443577032673676,0.26795451724913166,0.4332613292804706,EU: Bilateral Management
2005.1005025125628,0.3521295437040739,0.2752601467805005,0.44160545242703797,EU: Bilateral Management
2005.2211055276382,0.3585664642949507,0.28175291561151605,0.4482079710030874,EU: Bilateral Management
2005.3417085427136,0.3637744108808802,0.2875015187175597,0.4507484171404217,EU: Bilateral Management
2005.462311557789,0.36785932930274384,0.29278617142892915,0.45111281069585674,EU: Bilateral Management
2005.5829145728644,0.37092716540142356,0.29816410039983005,0.4500409799934836,EU: Bilateral Management
2005.7035175879396,0.373083865017798,0.30302655620420715,0.4512522379778753,EU: Bilateral Management
2005.824120603015,0.37443537399275684,0.3074386158257808,0.45710585833401773,EU: Bilateral Management
2005.9447236180904,0.37508763816717716,0.3114653562482439,0.4621112651740048,EU: Bilateral Management
2006.0653266331658,0.37514660338194067,0.3151718544552986,0.4663307651196943,EU: Bilateral Management
2006.1859296482412,0.3747182154779292,0.3134728643543225,0.4698266647929436,EU: Bilateral Management
2006.3065326633166,0.37390842029602483,0.3092059411690082,0.47266127081561066,EU: Bilateral Management
2006.427135678392,0.3728231636771091,0.30493615164017684,0.47489688980955275,EU: Bilateral Management
2006.5477386934674,0.371568391462064,0.2998095141916068,0.4765958283966276,EU: Bilateral Management
2006.6683417085428,0.37025004949177115,0.29177713937449634,0.47782039319869285,EU: Bilateral Management
2006.788944723618,0.36897408360711526,0.2842628553354549,0.4791372523442591,EU: Bilateral Management
2006.9095477386934,0.3678464396489724,0.2774482315773752,0.4821727874143514,EU: Bilateral Management
2007.0301507537688,0.3669727389294056,0.27151425100462223,0.48492480004367533,EU: Bilateral Management
2007.1507537688442,0.3664193347730237,0.2665709180944512,0.48741551226527957,EU: Bilateral Management
2007.2713567839196,0.3661763162312881,0.26259038665992385,0.4896514152766079,EU: Bilateral Management
2007.391959798995,0.3662250100774681,0.2595289723526838,0.49163719290250363,EU: Bilateral Management
2007.5125628140704,0.3665467430848337,0.2573429908243746,0.4933775289678096,EU: Bilateral Management
2007.6331658291458,0.3671228420266543,0.2559887577266402,0.4948771072973691,EU: Bilateral Management
2007.7537688442212,0.36793463367619966,0.2554225887111242,0.49614061171602486,EU: Bilateral Management
2007.8743718592964,0.36896344480673693,0.2556007994294691,0.4971727260486183,EU: Bilateral Management
2007.9949748743718,0.37019060219154,0.2564797055333196,0.49797813411999614,EU: Bilateral Management
2008.1155778894472,0.37159743260387645,0.2580156226743196,0.4985615197549995,EU: Bilateral Management
2008.2361809045226,0.3731652628170162,0.2600633435476257,0.4989275667784712,EU: Bilateral Management
2008.356783919598,0.37487541960422865,0.2616067498192812,0.4990809590152544,EU: Bilateral Management
2008.4773869346734,0.37670922973878357,0.2628910846967568,0.49902638029019186,EU: Bilateral Management
2008.5979899497488,0.37864801999395026,0.2646045274949695,0.49876851442812686,EU: Bilateral Management
2008.7185929648242,0.3806731171429987,0.2667161188602789,0.49831204525390227,EU: Bilateral Management
2008.8391959798994,0.3827658479591943,0.2691948994390396,0.4976616565923625,EU: Bilateral Management
2008.9597989949748,0.38490753921581466,0.27200990987762075,0.49682203226834815,EU: Bilateral Management
2009.0804020100502,0.3870795176861257,0.27256860408635025,0.4957978561067031,EU: Bilateral Management
2009.2010050251256,0.38926311014339654,0.2724388520824844,0.4945938119322708,EU: Bilateral Management
2009.321608040201,0.39143964336089726,0.2725192337658987,0.49321458356989384,EU: Bilateral Management
2009.4422110552764,0.3935904441118973,0.27280061903664904,0.49166485484441524,EU: Bilateral Management
2009.5628140703518,0.3956968391696662,0.27327387779479156,0.4899493095806783,EU: Bilateral Management
2009.6834170854272,0.39774015530747375,0.2739298799403822,0.4907122089164352,EU: Bilateral Management
2009.8040201005026,0.39970171929858944,0.2747594953734769,0.49193400496216944,EU: Bilateral Management
2009.9246231155778,0.40156285791627944,0.27575359399412963,0.496779161258279,EU: Bilateral Management
2010.0452261306532,0.4033048979338206,0.2769030457024003,0.5011138078094509,EU: Bilateral Management
2010.1658291457286,0.4049091661244788,0.278198720398343,0.5049977230568294,EU: Bilateral Management
2010.286432160804,0.40635698926152375,0.27963148798201376,0.5083912445150341,EU: Bilateral Management
2010.4070351758794,0.4076296941182249,0.2811922183534687,0.5112547096986844,EU: Bilateral Management
2010.5276381909548,0.4087086074678519,0.2828717814127637,0.5135484561223999,EU: Bilateral Management
2010.6482412060302,0.4095750560836745,0.28466104705995476,0.5152328213008001,EU: Bilateral Management
2010.7688442211056,0.4102103667389622,0.2865508851950979,0.5162681427485044,EU: Bilateral Management
2010.889447236181,0.41059586620698463,0.2885321657182491,0.5166147579801327,EU: Bilateral Management
2011.0100502512562,0.4107128812610115,0.29059575852946035,0.5162330045103057,EU: Bilateral Management
2011.1306532663316,0.4105427386743128,0.2927325335287955,0.5150832198536417,EU: Bilateral Management
2011.251256281407,0.4100667652201577,0.29493336061630687,0.5131257415247603,EU: Bilateral Management
2011.3718592964824,0.40926628767181583,0.29718910969205015,0.5103209070382809,EU: Bilateral Management
2011.4924623115578,0.40812263280255684,0.298190327715009,0.5087237556765369,EU: Bilateral Management
2011.6130653266332,0.4066171273856504,0.29817299120627877,0.5086575521421285,EU: Bilateral Management
2011.7336683417086,0.40473109819436615,0.29828076303610845,0.5074983330476979,EU: Bilateral Management
2011.854271356784,0.4024458720019735,0.2985162808638023,0.5051827846315244,EU: Bilateral Management
2011.9748743718592,0.3997427755817477,0.29888218234866337,0.5016475931318943,EU: Bilateral Management
2012.0954773869346,0.3966080594886448,0.2993797057631422,0.496843484810415,EU: Bilateral Management
2012.21608040201,0.3930653538135337,0.299999465750453,0.490827772611237,EU: Bilateral Management
2012.3366834170854,0.38915543753501064,0.30072720307240264,0.48370666904369075,EU: Bilateral Management
2012.4572864321608,0.3849191793638059,0.30154863298804857,0.47558664248573557,EU: Bilateral Management
2012.5778894472362,0.38039744801065034,0.29998365252607057,0.46657416131533,EU: Bilateral Management
2012.6984924623116,0.37563111218627454,0.29792254592755046,0.45644638011708094,EU: Bilateral Management
2012.819095477387,0.37066104060140936,0.29584512611274505,0.4447635999128817,EU: Bilateral Management
2012.9396984924624,0.365528101966785,0.29376969373143325,0.44034713652074975,EU: Bilateral Management
2013.0603015075376,0.36027316499314266,0.28978548152670003,0.4345448818809857,EU: Bilateral Management
2013.180904522613,0.3549370983911927,0.2848418841862436,0.42836950926366274,EU: Bilateral Management
2013.3015075376884,0.34956077087167564,0.28001115834222434,0.42198798654689273,EU: Bilateral Management
2013.4221105527638,0.3441850511453224,0.27639511288237206,0.4154492244967035,EU: Bilateral Management
2013.5427135678392,0.3388508079228633,0.27327215707878005,0.40887689799671856,EU: Bilateral Management
2013.6633165829146,0.33359890991502916,0.2703310263177101,0.4071004734517141,EU: Bilateral Management
2013.78391959799,0.3284702258325506,0.26500976229069395,0.40521680502422236,EU: Bilateral Management
2013.9045226130654,0.3235056243861585,0.25514891690594593,0.40347542996751706,EU: Bilateral Management
2014.0251256281408,0.31874597428658297,0.24573992854591875,0.40301013294497623,EU: Bilateral Management
2014.145728643216,0.3142321442445633,0.23685405662764614,0.402355378212532,EU: Bilateral Management
2014.2663316582914,0.310005002970813,0.22866564446029336,0.40148779033068716,EU: Bilateral Management
2014.3869346733668,0.30610541917607165,0.22204506163252088,0.4003839938599485,EU: Bilateral Management
2014.5075376884422,0.30257426157106954,0.21610500454123371,0.3990206133608212,EU: Bilateral Management
2014.6281407035176,0.29945239886653746,0.2109082968754556,0.39737427339381104,EU: Bilateral Management
2014.748743718593,0.2967806997732062,0.20651776232421043,0.3954215985194234,EU: Bilateral Management
2014.8693467336684,0.29460003300180615,0.20299622457652197,0.39313921329816376,EU: Bilateral Management
2014.9899497487438,0.29295126726306836,0.2004065073214141,0.3905037422905375,EU: Bilateral Management
2015.110552763819,0.2918615287778951,0.19879231058358326,0.38749569895243907,EU: Bilateral Management
2015.2311557788944,0.2912872902300664,0.1980990149023639,0.38411559051217503,EU: Bilateral Management
2015.3517587939698,0.2911623817186983,0.19824049202981675,0.3805711422044966,EU: Bilateral Management
2015.4723618090452,0.2914206230179683,0.19913059935010669,0.37823366489812393,EU: Bilateral Management
2015.5929648241206,0.291995833902054,0.2006831942473985,0.3757244299329111,EU: Bilateral Management
2015.713567839196,0.29282183414513313,0.20281213410585694,0.37302041421852583,EU: Bilateral Management
2015.8341708542714,0.2938324435213828,0.20543127630964675,0.3700985946646358,EU: Bilateral Management
2015.9547738693468,0.29496148180498116,0.2084544782429328,0.3667817633791401,EU: Bilateral Management
2016.0753768844222,0.2961427687701054,0.2117955972898799,0.36237197470495924,EU: Bilateral Management
2016.1959798994974,0.297310124190931,0.21536849083464582,0.3576729744822288,EU: Bilateral Management
2016.3165829145728,0.29839736784164006,0.2190870162614091,0.3561934799505204,EU: Bilateral Management
2016.4371859296482,0.29933831949640793,0.2228650309543279,0.3545283076760575,EU: Bilateral Management
2016.5577889447236,0.3000667989294121,0.22661639229756697,0.35244705894120776,EU: Bilateral Management
2016.678391959799,0.3005166259148302,0.2302549576752912,0.35441108707991054,EU: Bilateral Management
2016.7989949748744,0.3006216202268398,0.2336779426805845,0.3565977347478163,EU: Bilateral Management
2016.9195979899498,0.3003156016396183,0.23657467113130995,0.3597124016939127,EU: Bilateral Management
2017.0402010050252,0.2995323899273435,0.23417384933328023,0.36199354020591556,EU: Bilateral Management
2017.1608040201006,0.2982058048641928,0.23095928045314804,0.3633288506495024,EU: Bilateral Management
2017.2814070351758,0.2962696662243481,0.22748411417043501,0.3636060333903511,EU: Bilateral Management
2017.4020100502512,0.29365779378197976,0.2237220396241677,0.36271278879414015,EU: Bilateral Management
2017.5226130653266,0.29030400731126826,0.22061508911770633,0.3605368172265455,EU: Bilateral Management
2017.643216080402,0.28614212658639143,0.21729700619247921,0.35696581905324465,EU: Bilateral Management
2017.7638190954774,0.28110597138152665,0.21336666140002666,0.351887494639915,EU: Bilateral Management
2017.8844221105528,0.27512936147085143,0.20876997066647154,0.34518954435223376,EU: Bilateral Management
2018.0050251256282,0.26814611894179957,0.20345285184223794,0.33675967230163795,EU: Bilateral Management
2018.1256281407036,0.26012620125560565,0.19739128229038078,0.3265440951071877,EU: Bilateral Management
2018.2462311557788,0.25116715351464475,0.19066737421931507,0.3146956267478007,EU: Bilateral Management
2018.3668341708542,0.241394666208414,0.18186373647488985,0.30141265585697397,EU: Bilateral Management
2018.4874371859296,0.23093442982646015,0.17301514465899637,0.28689357106827,EU: Bilateral Management
2018.608040201005,0.21991213485831407,0.1645763569465281,0.2704822813798557,EU: Bilateral Management
2018.7286432160804,0.2084534717935066,0.15609587319940343,0.25709662182910664,EU: Bilateral Management
2018.8492462311558,0.19668413112156877,0.14494291363033748,0.24377765384682387,EU: Bilateral Management
2018.9698492462312,0.1847298033320312,0.1337242156238028,0.2296840723552654,EU: Bilateral Management
2019.0904522613066,0.17271617891442484,0.12256661041683856,0.21784061098921825,EU: Bilateral Management
2019.211055276382,0.16076894835828065,0.11159692924648401,0.20650419304207407,EU: Bilateral Management
2019.3316582914572,0.14901380215315124,0.10110652995123601,0.19570815700909738,EU: Bilateral Management
2019.4522613065326,0.13757643078852297,0.09135532900747342,0.18800935367988755,EU: Bilateral Management
2019.572864321608,0.1265825247539492,0.08032543658557874,0.18078914916068406,EU: Bilateral Management
2019.6934673366834,0.11615777453896069,0.06823969047767214,0.1738369139731374,EU: Bilateral Management
2019.8140703517588,0.1064278706330883,0.05756071046952292,0.16722918308697757,EU: Bilateral Management
2019.9346733668342,0.0975185035258629,0.04758078784918069,0.1610424914719344,EU: Bilateral Management
2020.0552763819096,0.0895553637068154,0.03496173503872581,0.15535337409773778,EU: Bilateral Management
2020.175879396985,0.0826641416654766,0.024228189896530757,0.1502383659341175,EU: Bilateral Management
2020.2964824120604,0.07697052789137737,0.015787540575540444,0.14577400195080348,EU: Bilateral Management
2020.4170854271356,0.07260021287405548,0.009929873502844732,0.14311917743324956,EU: Bilateral Management
2020.537688442211,0.06967888710302511,0.006515736747061497,0.141903747268465,EU: Bilateral Management
2020.6582914572864,0.06833224106782669,0.005762798663811178,0.14291528629559913,EU: Bilateral Management
2020.7788944723618,0.06868596525799103,0.007888727608700916,0.14491608490600125,EU: Bilateral Management
2020.8994974874372,0.07086575016304895,0.013111191937337875,0.14797306230323098,EU: Bilateral Management
2021.0201005025126,0.07499689620476617,0.020850956757129925,0.15215285742080786,EU: Bilateral Management
2021.140703517588,0.0810724708324914,0.029315365047659116,0.15742709764858537,EU: Bilateral Management
2021.2613065326634,0.08876139518265834,0.03546879945918238,0.1635345059729177,EU: Bilateral Management
2021.3819095477386,0.09768383192102775,0.04048617904875746,0.1701787716251072,EU: Bilateral Management
2021.502512562814,0.10745994371341235,0.04645335237254683,0.17706358383649456,EU: Bilateral Management
2021.6231155778894,0.11770989322557497,0.05310158987334268,0.1873545818864698,EU: Bilateral Management
2021.7437185929648,0.12805384312329404,0.06016216199394544,0.19995930639431858,EU: Bilateral Management
2021.8643216080402,0.13811195607234816,0.06736633917715565,0.2106768567965327,EU: Bilateral Management
2021.9849246231156,0.1475043947385159,0.0744453918657738,0.219009555271571,EU: Bilateral Management
2022.105527638191,0.15585132178757574,0.0812272388110557,0.22574380323281826,EU: Bilateral Management
2022.2261306532664,0.16277289988530622,0.08762513660011427,0.2336537278295277,EU: Bilateral Management
2022.3467336683418,0.16788929169748584,0.09309216215929718,0.24560150236128375,EU: Bilateral Management
2022.467336683417,0.17082065988988993,0.09735687387312622,0.2538551593238509,EU: Bilateral Management
2022.5879396984924,0.17118716712830875,0.10014783012614642,0.2577653256064703,EU: Bilateral Management
2022.7085427135678,0.16860897607851302,0.1011935893028771,0.25668262809833187,EU: Bilateral Management
2022.8291457286432,0.16270624940628128,0.09679225380881215,0.24937821673127977,EU: Bilateral Management
2022.9497487437186,0.15309914977739209,0.08998870341768506,0.23529192059535842,EU: Bilateral Management
2023.070351758794,0.13945183366714745,0.08114289822817242,0.21449957944189874,EU: Bilateral Management
2023.1909547738694,0.12213223024138824,0.06976535602607375,0.18759982834068262,EU: Bilateral Management
2023.3115577889448,0.10207428814533351,0.05673692413568834,0.1561154015169367,EU: Bilateral Management
2023.43216080402,0.0802279887536627,0.03865660964839093,0.12541071212122318,EU: Bilateral Management
2023.5527638190954,0.05754331344092905,0.01795662147915976,0.09842350338028283,EU: Bilateral Management
2023.6733668341708,0.03497024358180946,-0.001123477406434939,0.07181353464466299,EU: Bilateral Management
2023.7939698492462,0.013458760550941135,-0.01922726779282752,0.0539453730889778,EU: Bilateral Management
2023.9145728643216,-0.006041154277038825,-0.04229003314220581,0.03680377273861588,EU: Bilateral Management
2024.035175879397,-0.0225795195274933,-0.05974088820041518,0.021469356008247585,EU: Bilateral Management
2024.1557788944724,-0.03520635382578511,-0.07685660981525314,0.009083210968624114,EU: Bilateral Management
2024.2763819095478,-0.04297167579727712,-0.08893308967710843,9.81678037471976e-4,EU: Bilateral Management
2024.3969849246232,-0.04492550406733224,-0.09241673565271472,-7.784810867269539e-4,EU: Bilateral Management
2024.5175879396984,-0.04011785726132934,-0.08590340915427802,0.005806172543390731,EU: Bilateral Management
2024.6381909547738,-0.027598754004614635,-0.07019113401111446,0.020191908883172034,EU: Bilateral Management
2024.7587939698492,-0.006418212922553417,-0.04779128759035542,0.04292122444758926,EU: Bilateral Management
2024.8793969849246,0.02437374735949146,-0.014417490786753044,0.07490473301632955,EU: Bilateral Management
2025,0.06572710821615717,0.02949913840453209,0.12663421195330804,EU: Bilateral Management
2001,-0.02440515343803207,-0.039608545570842965,-0.00835603796478429,EU: Economic Security
2001.1206030150754,-0.017198571832863763,-0.02777091348975793,-0.005524195416377516,EU: Economic Security
2001.2412060301508,-0.010627778581709374,-0.0178119971415241,-0.0028601452145012416,EU: Economic Security
2001.3618090452262,-0.004664991490171855,-0.009726033149897742,0.0012548493664024992,EU: Economic Security
2001.4824120603016,7.175716361458581e-4,-0.00420012412795213,0.006767833927231156,EU: Economic Security
2001.6030150753768,0.005547692991632217,-2.75923667402302e-5,0.012454162451436,EU: Economic Security
2001.7236180904522,0.009853154770702428,0.0019244301988852147,0.01921618650041954,EU: Economic Security
2001.8442211055276,0.01366173916774395,0.004245608772817294,0.025214762517548946,EU: Economic Security
2001.964824120603,0.01700122837715383,0.00588225575671571,0.030865880423265074,EU: Economic Security
2002.0854271356784,0.019899404593329128,0.006935492033907611,0.03603231668713208,EU: Economic Security
2002.2060301507538,0.022384050010666887,0.007477081010967651,0.04051403729852672,EU: Economic Security
2002.3266331658292,0.02448294682356417,0.00785036725662073,0.04435255921435378,EU: Economic Security
2002.4472361809046,0.026223877226418026,0.008072584748393178,0.047589399391518086,EU: Economic Security
2002.5678391959798,0.02763462341362314,0.008055326054362696,0.050266074786919857,EU: Economic Security
2002.6884422110552,0.028742967579581856,0.007722215589212027,0.05242410235747396,EU: Economic Security
2002.8090452261306,0.02957669191868827,0.006862425913740935,0.05410499906007964,EU: Economic Security
2002.929648241206,0.030163578625339436,0.005224473409054518,0.055350281851641675,EU: Economic Security
2003.0502512562814,0.03053140989393239,0.0029468623009140105,0.0560136017089876,EU: Economic Security
2003.1708542713568,0.0307079679188642,8.518756911259478e-4,0.056252461712585376,EU: Economic Security
2003.2914572864322,0.030721034894531915,-0.0012548985873662834,0.056539136827076855,EU: Economic Security
2003.4120603015076,0.03059839301533259,-0.003321593974314394,0.05772608836274032,EU: Economic Security
2003.532663316583,0.030367824475663285,-0.0052952573704721844,0.05865016606214746,EU: Economic Security
2003.6532663316582,0.03005711146992171,-0.007122935676590168,0.05919492875642487,EU: Economic Security
2003.7738693467336,0.029694036192503676,-0.008751675793429121,0.05943044881214052,EU: Economic Security
2003.894472361809,0.02930638083780678,-0.01012852462173925,0.05947435874130829,EU: Economic Security
2004.0150753768844,0.028921927600228065,-0.01120052906227435,0.0593477413685926,EU: Economic Security
2004.1356783919598,0.02856845867416459,-0.011914736015788213,0.05907167951865784,EU: Economic Security
2004.2562814070352,0.02827375625401342,-0.012218192383034652,0.058667256016168456,EU: Economic Security
2004.3768844221106,0.028065602534171608,-0.012057945064767438,0.05834708987323726,EU: Economic Security
2004.497487437186,0.02797177970903619,-0.011381040961740405,0.05810038434244848,EU: Economic Security
2004.6180904522614,0.02802006997300424,-0.010134526974707327,0.057742274483431964,EU: Economic Security
2004.7386934673366,0.028238255520472207,-0.008265450004426153,0.05728571195013484,EU: Economic Security
2004.859296482412,0.028647992984298286,-0.005735840179932307,0.05641964355767473,EU: Economic Security
2004.9798994974874,0.02923843250661543,-0.002587239062525582,0.05654654818976981,EU: Economic Security
2005.1005025125628,0.029987982834240687,0.0011125381498486098,0.05707981932505784,EU: Economic Security
2005.2211055276382,0.030875045932648528,0.004689752896900807,0.05764001288969063,EU: Economic Security
2005.3417085427136,0.0318780237673135,0.007378533080478775,0.05821278667212852,EU: Economic Security
2005.462311557789,0.03297531830371009,0.009993043490612863,0.05869921458992834,EU: Economic Security
2005.5829145728644,0.034145331507312845,0.011843149779379756,0.05914787949296449,EU: Economic Security
2005.7035175879396,0.035366465343593945,0.013373164975201798,0.059570855250324434,EU: Economic Security
2005.824120603015,0.03661712177803252,0.014551851355170523,0.059955893354954604,EU: Economic Security
2005.9447236180904,0.037875702776100875,0.016020152902480697,0.06029074529979899,EU: Economic Security
2006.0653266331658,0.03912061030327349,0.017475606990204784,0.06056316257780238,EU: Economic Security
2006.1859296482412,0.04033024632502489,0.017821603233234347,0.06351480860065914,EU: Economic Security
2006.3065326633166,0.04148301280682962,0.017968240066015783,0.06664730495414435,EU: Economic Security
2006.427135678392,0.042557311714162174,0.018082522090182886,0.06958047823554907,EU: Economic Security
2006.5477386934674,0.043531545012497064,0.017734852317044476,0.07226610682052226,EU: Economic Security
2006.6683417085428,0.04438411466730883,0.01640968380965752,0.07465596908471286,EU: Economic Security
2006.788944723618,0.04509342264407078,0.01540426688132178,0.07711290477573772,EU: Economic Security
2006.9095477386934,0.04563787090826016,0.014390446458743034,0.07975357504696978,EU: Economic Security
2007.0301507537688,0.04599594592172924,0.013195546388874855,0.082101590956521725,EU: Economic Security
2007.1507537688442,0.0461563582082195,0.011246962539151553,0.08409121538552206,EU: Economic Security
2007.2713567839196,0.04612767494059324,0.009471385185160015,0.08587503193760875,EU: Economic Security
2007.391959798995,0.04592074469395218,0.007863061141691097,0.08720793654283215,EU: Economic Security
2007.5125628140704,0.04554641604339801,0.006416237223535699,0.08811175010602232,EU: Economic Security
2007.6331658291458,0.04501553756403245,0.005125160245484693,0.08860829353200927,EU: Economic Security
2007.7537688442212,0.044338957830957204,0.003984077022328957,0.08871938772562313,EU: Economic Security
2007.8743718592964,0.043527525419275646,0.0029872343688611075,0.08846685359169472,EU: Economic Security
2007.9949748743718,0.042592088904086396,0.0021288790998682874,0.08787251203505309,EU: Economic Security
2008.1155778894472,0.04154349686049259,0.0014032580301433862,0.0869581839605285,EU: Economic Security
2008.2361809045226,0.04039259786359595,8.046179744772772e-4,0.0858253646173246,EU: Economic Security
2008.356783919598,0.039150240488498154,3.272057476608396e-4,0.08479407378507728,EU: Economic Security
2008.4773869346734,0.03782727331030092,-3.4731835515048725e-5,0.08352048530673176,EU: Economic Security
2008.5979899497488,0.03643454490410598,-2.8694796025950653e-4,0.08202212063281128,EU: Economic Security
2008.7185929648242,0.03498290384501501,-4.351958117816525e-4,0.08031650121383893,EU: Economic Security
2008.8391959798994,0.033483198708132635,-7.337967668742651e-4,0.07842114850034171,EU: Economic Security
2008.9597989949748,0.03194627806855485,-0.0014511332697542587,0.07635358394283556,EU: Economic Security
2009.0804020100502,0.03038299050138618,-0.002122765333458553,0.07413132899184702,EU: Economic Security
2009.2010050251256,0.02880418458172834,-0.0027455446154685407,0.07177190509789938,EU: Economic Security
2009.321608040201,0.027220708884683007,-0.0033163227732656442,0.06929283371151569,EU: Economic Security
2009.4422110552764,0.02564341198535192,-0.0038319514643312663,0.06671163628321916,EU: Economic Security
2009.5628140703518,0.0240831424588368,-0.004289282346146806,0.064045834263533,EU: Economic Security
2009.6834170854272,0.022550748880239335,-0.004685167076193675,0.06131294910298034,EU: Economic Security
2009.8040201005026,0.02105707982466124,-0.00514049035802781,0.058530502252084324,EU: Economic Security
2009.9246231155778,0.019612983867206897,-0.005952285642942437,0.05571601516137349,EU: Economic Security
2010.0452261306532,0.018229309582972572,-0.006833912230663438,0.0522023939804034,EU: Economic Security
2010.1658291457286,0.016916905547062724,-0.0076086595393178805,0.04866336663994114,EU: Economic Security
2010.286432160804,0.015686620334579075,-0.008824899143952491,0.046713235936251776,EU: Economic Security
2010.4070351758794,0.014549302520623334,-0.009985291435130435,0.0460084189590205,EU: Economic Security
2010.5276381909548,0.013515800680297228,-0.010945932128576032,0.04528683737137635,EU: Economic Security
2010.6482412060302,0.012596963388702444,-0.01169190291862627,0.04455175821073027,EU: Economic Security
2010.7688442211056,0.011803639220940703,-0.012208285499618127,0.04380644851449324,EU: Economic Security
2010.889447236181,0.011146676752113727,-0.012480161565888576,0.04305417532007625,EU: Economic Security
2011.0100502512562,0.010636924557324035,-0.012610095218042034,0.0422982056648917,EU: Economic Security
2011.1306532663316,0.010285231211671388,-0.012660623433891221,0.04130220030573169,EU: Economic Security
2011.251256281407,0.010102445290258619,-0.012361706521670773,0.04029388734082001,EU: Economic Security
2011.3718592964824,0.010099415368187432,-0.011694286848969886,0.03950555855132867,EU: Economic Security
2011.4924623115578,0.010286990020559527,-0.010639306783377744,0.03971190395144643,EU: Economic Security
2011.6130653266332,0.010676017822476642,-0.009422257915173584,0.03991100428847809,EU: Economic Security
2011.7336683417086,0.011277347349040456,-0.0079729203575637,0.04010202654470531,EU: Economic Security
2011.854271356784,0.012101827175352707,-0.006204571650590795,0.04028413770240977,EU: Economic Security
2011.9748743718592,0.013160305876512868,-0.004103271847621909,0.04041658520904304,EU: Economic Security
2012.0954773869346,0.014461048846056725,-0.0016593021289082938,0.04045019238240563,EU: Economic Security
2012.21608040201,0.015992710915110692,0.001105011085656803,0.0404790917343303,EU: Economic Security
2012.3366834170854,0.017734950031215845,0.004152639743230066,0.04050318951715326,EU: Economic Security
2012.4572864321608,0.019667377065415815,0.006855919147457644,0.04125200272947364,EU: Economic Security
2012.5778894472362,0.021769602888754208,0.008871773137931676,0.04221495681295319,EU: Economic Security
2012.6984924623116,0.02402123837227466,0.01112071956323689,0.043036042404237265,EU: Economic Security
2012.819095477387,0.026401894387020786,0.012083619154055404,0.046387513998185206,EU: Economic Security
2012.9396984924624,0.028891181804036204,0.013381999235338837,0.05003704707713119,EU: Economic Security
2013.0603015075376,0.03146871149435959,0.014244118238346393,0.053769443577835904,EU: Economic Security
2013.180904522613,0.03411409432904431,0.01457210018743952,0.05814430533687075,EU: Economic Security
2013.3015075376884,0.03680694117912923,0.015017509416163088,0.06365893827738367,EU: Economic Security
2013.4221105527638,0.03952686291565796,0.01559447591849485,0.06909454929485358,EU: Economic Security
2013.5427135678392,0.04225347040967408,0.01631712968841253,0.07440069477691647,EU: Economic Security
2013.6633165829146,0.044966374532221264,0.016478691415693768,0.07952693111120845,EU: Economic Security
2013.78391959799,0.047645186154343114,0.016465280500398805,0.08452732969469001,EU: Economic Security
2013.9045226130654,0.0502695161470832,0.016793424462244848,0.08975914907995583,EU: Economic Security
2014.0251256281408,0.052818975381485174,0.017197569430195504,0.09468828005883666,EU: Economic Security
2014.145728643216,0.0552731747285882,0.01767861799154821,0.09926296263447529,EU: Economic Security
2014.2663316582914,0.05761172505944505,0.018237472733603165,0.10343143681004002,EU: Economic Security
2014.3869346733668,0.05981423724509475,0.018875036243657987,0.10714194258867304,EU: Economic Security
2014.5075376884422,0.0618603221565808,0.019592211109011045,0.11034271997352524,EU: Economic Security
2014.6281407035176,0.06372959066494692,0.02038989991696079,0.11298200896774777,EU: Economic Security
2014.748743718593,0.06540165364123668,0.02126900525480562,0.11500804957449161,EU: Economic Security
2014.8693467336684,0.06685612195649364,0.022230429709843944,0.11636908179690778,EU: Economic Security
2014.9899497487438,0.06807260648176154,0.02327507586937418,0.11701334563814736,EU: Economic Security
2015.110552763819,0.06903611618260688,0.0244035038562479,0.11690363530664859,EU: Economic Security
2015.2311557788944,0.06975941296286674,0.025295300144618726,0.11607757177777064,EU: Economic Security
2015.3517587939698,0.0702641528069829,0.025590676777898794,0.1145967560210071,EU: Economic Security
2015.4723618090452,0.07057199575506735,0.02497693375725541,0.11469463362975446,EU: Economic Security
2015.5929648241206,0.07070460184723223,0.023743914804804762,0.11466315036850627,EU: Economic Security
2015.713567839196,0.07068363112358952,0.02249983202778031,0.11403042115424597,EU: Economic Security
2015.8341708542714,0.07053074362425142,0.021279323658938216,0.11184504787683663,EU: Economic Security
2015.9547738693468,0.07026759938932992,0.02011702793103461,0.10935506726124482,EU: Economic Security
2016.0753768844222,0.06991585845893704,0.019047583076825622,0.11039463495006252,EU: Economic Security
2016.1959798994974,0.06949718087318577,0.018105627329069028,0.115200653968945,EU: Economic Security
2016.3165829145728,0.06903322667218656,0.017325798920517364,0.11989242978934336,EU: Economic Security
2016.4371859296482,0.06854565589605217,0.016742736083928674,0.12443775859640158,EU: Economic Security
2016.5577889447236,0.06805612858489465,0.016391077052059087,0.1282182198259188,EU: Economic Security
2016.678391959799,0.06758630477882617,0.01630546005766475,0.13128468461691356,EU: Economic Security
2016.7989949748744,0.06715784451795873,0.014301772495356576,0.13411403017462498,EU: Economic Security
2016.9195979899498,0.06679240784240438,0.011999441364945889,0.13668358223735913,EU: Economic Security
2017.0402010050252,0.06651165479227525,0.011288672069465107,0.13897066654342205,EU: Economic Security
2017.1608040201006,0.06633724540768335,0.01098777557948931,0.14095260883111968,EU: Economic Security
2017.2814070351758,0.06629083972874075,0.01114236293801756,0.14260673483875533,EU: Economic Security
2017.4020100502512,0.06639409779555927,0.011798045188050157,0.1439103703046412,EU: Economic Security
2017.5226130653266,0.06666867964825123,0.01300043337258705,0.14484084096708005,EU: Economic Security
2017.643216080402,0.06713624532692868,0.012351642120295991,0.14537547256437766,EU: Economic Security
2017.7638190954774,0.06781845487170368,0.011923927583899166,0.14549159083484026,EU: Economic Security
2017.8844221105528,0.0687369683226883,0.012335140945080822,0.14516652151677373,EU: Economic Security
2018.0050251256282,0.06991344574728822,0.01365511033220369,0.14437759181443816,EU: Economic Security
2018.1256281407036,0.07136997356547295,0.01593381028588079,0.1431250285990286,EU: Economic Security
2018.2462311557788,0.07313014357302737,0.019151115824771574,0.14148991343285222,EU: Economic Security
2018.3668341708542,0.0752178796463844,0.02327143825830736,0.1395711641401357,EU: Economic Security
2018.4874371859296,0.07765710566196754,0.028259188895902225,0.14091655703791744,EU: Economic Security
2018.608040201005,0.08047174549620309,0.03502156045447171,0.14329549986595894,EU: Economic Security
2018.7286432160804,0.08368572302551755,0.042744629012607366,0.14581566014924868,EU: Economic Security
2018.8492462311558,0.08732296212633721,0.0464637460112947,0.148496282490233,EU: Economic Security
2018.9698492462312,0.09140738667508862,0.050027176783409455,0.15135661149135837,EU: Economic Security
2019.0904522613066,0.09596292054819809,0.052041527207354416,0.15441589175507114,EU: Economic Security
2019.211055276382,0.10101348762209206,0.05210800028411626,0.15791018664312412,EU: Economic Security
2019.3316582914572,0.10658301177318595,0.052851618692001445,0.16640667112398627,EU: Economic Security
2019.4522613065326,0.11269541687792714,0.05435756124553427,0.17508849096285248,EU: Economic Security
2019.572864321608,0.11937462681273195,0.0567110067592355,0.18391093328137476,EU: Economic Security
2019.6934673366834,0.12664456545402689,0.05999713404762673,0.19487002165320588,EU: Economic Security
2019.8140703517588,0.13452915667823828,0.0643011219252295,0.20691576844453863,EU: Economic Security
2019.9346733668342,0.14305232436179266,0.0697081492065654,0.21899485219056697,EU: Economic Security
2020.0552763819096,0.15223799238111624,0.07630339470615596,0.2303957518518036,EU: Economic Security
2020.175879396985,0.1621100846126356,0.08417203723852275,0.24166345745196258,EU: Economic Security
2020.2964824120604,0.17269252493277715,0.09339925561818735,0.2527670320653524,EU: Economic Security
2020.4170854271356,0.18400923721794504,0.10407022865964974,0.26365263585055476,EU: Economic Security
2020.537688442211,0.19608414534460863,0.11627013517747163,0.27426642896621295,EU: Economic Security
2020.6582914572864,0.20894117318917346,0.1300841539861558,0.2879944073100468,EU: Economic Security
2020.7788944723618,0.22260424462806597,0.14559746390022388,0.30234777773765364,EU: Economic Security
2020.8994974874372,0.23709728353771264,0.16289524373419745,0.31678638053745445,EU: Economic Security
2021.0201005025126,0.25244420485263475,0.182062530600097,0.33128187043536383,EU: Economic Security
2021.140703517588,0.2686658922014691,0.20043908135910293,0.3458504246161276,EU: Economic Security
2021.2613065326634,0.28577579848957985,0.21925603094022877,0.36010500958086666,EU: Economic Security
2021.3819095477386,0.3037862588841381,0.23987638595102956,0.3741203454216036,EU: Economic Security
2021.502512562814,0.32270960855241826,0.26219189162966233,0.3886046373194836,EU: Economic Security
2021.6231155778894,0.34255818266159305,0.2846186495574896,0.4113271207859315,EU: Economic Security
2021.7437185929648,0.3633443163788689,0.3044428934926761,0.437357229748643,EU: Economic Security
2021.8643216080402,0.38508034487145154,0.32219439628894475,0.4626649905260528,EU: Economic Security
2021.9849246231156,0.40777860330654747,0.3412935590863589,0.48841700906462715,EU: Economic Security
2022.105527638191,0.43145142685136273,0.36173564195222807,0.5145231884085663,EU: Economic Security
2022.2261306532664,0.45611115067310315,0.3806911028681283,0.5446027622483153,EU: Economic Security
2022.3467336683418,0.4817701099389754,0.4021751840238237,0.5752818319491944,EU: Economic Security
2022.467336683417,0.5084406398161339,0.42614046851507276,0.6057261338222921,EU: Economic Security
2022.5879396984924,0.5361350754718854,0.4515304160098913,0.6351896170588738,EU: Economic Security
2022.7085427135678,0.564865752073387,0.4801571294703735,0.6633774416807122,EU: Economic Security
2022.8291457286432,0.5946450047878445,0.5122939929198853,0.6900278619321749,EU: Economic Security
2022.9497487437186,0.6254851687824644,0.5482143903817932,0.71487913205763,EU: Economic Security
2023.070351758794,0.6573676879009926,0.5881289114084929,0.7404270932648163,EU: Economic Security
2023.1909547738694,0.6897798348739854,0.6183329324894773,0.7712129235789419,EU: Economic Security
2023.3115577889448,0.7218114380867268,0.646604364900398,0.7991330588984381,EU: Economic Security
2023.43216080402,0.7525410681535049,0.6696334765464327,0.8416019714089911,EU: Economic Security
2023.5527638190954,0.7810472956887808,0.6844346856119669,0.8805884875189686,EU: Economic Security
2023.6733668341708,0.8064086913068391,0.6929468443751003,0.91442795085573,EU: Economic Security
2023.7939698492462,0.8277038256220237,0.6995940438724888,0.9427308406120523,EU: Economic Security
2023.9145728643216,0.8440112692486785,0.704303671252165,0.9641207323411587,EU: Economic Security
2024.035175879397,0.8544095928011476,0.7070031136621604,0.9772212015962733,EU: Economic Security
2024.1557788944724,0.8579773668937751,0.7076197582505074,0.9806558239306198,EU: Economic Security
2024.2763819095478,0.8537931621409046,0.7060809921652378,0.9730481748974216,EU: Economic Security
2024.3969849246232,0.8409355491568807,0.7000618941122554,0.9535311611478287,EU: Economic Security
2024.5175879396984,0.818483098556099,0.6842235816297606,0.925490167242255,EU: Economic Security
2024.6381909547738,0.7855143809528201,0.6656358322502208,0.8877380132679785,EU: Economic Security
2024.7587939698492,0.7411079669614206,0.6354951566924087,0.8412792314528246,EU: Economic Security
2024.8793969849246,0.6843424271962458,0.5982030841870295,0.7888700019109074,EU: Economic Security
2025,0.6142963322716385,0.49437095007513476,0.7386944497810604,EU: Economic Security
